marca,modelo,año,kilometraje_km,potencia_cv,combustible,transmision,etiqueta_ambiental,tipo_venta,precio_eur,provincia,url,antiguedad,km_por_año,fecha_scraping
Tesla,Model S 100D 4WD,2017,97000,525,Eléctrico,Automática,Sin etiqueta,Usado,29900.0,Madrid,https://www.coches.net/tesla-model-s-100d-4wd-5p-electrico-hibrido-2017-en-madrid-55526134-covo.aspx,9,10778,2026-05-08
Audi,A4 Avant S line 35 TFSI S tronic,2018,68162,150,Gasolina,Automática,C,Usado,26990.0,Las Palmas,https://www.coches.net/audi-a4-avant-s-line-35-tfsi-110kw-s-tronic-5p-gasolina-2019-en-las-palmas-59067935-covo.aspx,8,8520,2026-05-08
Audi,A1 Sportback Adrenal Black 30TFSI S tr,2024,22400,110,Gasolina,Manual,C,Usado,26600.0,Gipuzkoa,https://www.coches.net/audi-a1-sportback-adrenal-black-30tfsi-81kw-s-tr-5p-gasolina-2024-en-guipuzcoa-59078357-covo.aspx,2,11200,2026-05-08
Audi,A6 RS 6 Avant TFSI quattro,2022,46909,600,Gasolina,Manual,C,Usado,109990.0,Las Palmas,https://www.coches.net/audi-a6-rs-6-avant-tfsi-quattro-5p-gasolina-2022-en-las-palmas-59119602-covo.aspx,4,11727,2026-05-08
Fiat,500C Dolcevita 1.0 Hybrid 70 CV,2021,90576,70,Híbrido,Manual,ECO,Usado,10990.0,Las Palmas,https://www.coches.net/fiat-500c-dolcevita-10-hybrid-51kw-70-cv-2p-electrico-hibrido-2021-en-las-palmas-59175561-covo.aspx,5,18115,2026-05-08
Kia,XCeed 1.6 GDi PHEV eDrive,2022,11420,141,Híbrido Enchufable,Automática,0_EMISIONES,Usado,20510.0,Sevilla,https://www.coches.net/kia-xceed-16-gdi-phev-104kw-141cv-edrive-5p-electrico-hibrido-2022-en-sevilla-59612247-covo.aspx,4,2855,2026-05-08
Jeep,Wrangler 2.0 Sahara 8ATX E6D,2023,64000,381,Híbrido Enchufable,Automática,0_EMISIONES,Usado,46990.0,Las Palmas,https://www.coches.net/jeep-wrangler-4p-20-380cv-sahara-8atx-e6d-5p-electrico-hibrido-2023-en-las-palmas-59904363-covo.aspx,3,21333,2026-05-08
Bmw,Serie 3 318d Auto.Touring,2024,26335,150,Híbrido,Manual,ECO,Usado,39900.0,Toledo,https://www.coches.net/bmw-serie-3-318d-autotouring-5p-electrico-hibrido-2024-en-toledo-60027373-covo.aspx,2,13168,2026-05-08
Kia,Sportage 1.6 TGDi PHEV Drive 4x4,2024,13450,265,Híbrido Enchufable,Manual,0_EMISIONES,Usado,32790.0,Sevilla,https://www.coches.net/kia-sportage-16-tgdi-phev-198kw-265cv-drive-4x4-5p-electrico-hibrido-2024-en-sevilla-60142811-covo.aspx,2,6725,2026-05-08
Kia,Sportage 1.6 TGDi HEV Drive 4x2,2023,46441,230,Híbrido,Manual,ECO,Usado,28990.0,Sevilla,https://www.coches.net/kia-sportage-16-tgdi-hev-171kw-230cv-drive-4x2-5p-electrico-hibrido-2024-en-sevilla-60714309-covo.aspx,3,15480,2026-05-08
Kia,Sportage 1.6 TGDi MHEV Tech 4x2,2024,10493,150,Híbrido,Manual,ECO,Usado,28500.0,Sevilla,https://www.coches.net/kia-sportage-16-tgdi-110kw-150cv-mhev-tech-4x2-5p-electrico-hibrido-2024-en-sevilla-60714313-covo.aspx,2,5246,2026-05-08
Audi,A1 citycarver 30 TFSI S tronic,2021,21700,110,Gasolina,Automática,C,Usado,24200.0,Gipuzkoa,https://www.coches.net/audi-a1-citycarver-30-tfsi-81kw-110cv-s-tronic-5p-gasolina-2021-en-guipuzcoa-60993628-covo.aspx,5,4340,2026-05-08
Mercedes-Benz,Clase B B 200 d,2018,64073,136,Diésel,Manual,C,Usado,21900.0,Jaén,https://www.coches.net/mercedes-benz-clase-b-b-200-d-5p-diesel-2018-en-jaen-61012216-covo.aspx,8,8009,2026-05-08
Nissan,X-TRAIL 5pl 1.5 e4ORCE 4x4 AT Tekna,2022,5500,213,Híbrido,Automática,ECO,Usado,37900.0,Jaén,https://www.coches.net/nissan-x-trail-5pl-15-e4orce-158kw-4x4-at-tekna-5p-electrico-hibrido-2023-en-jaen-61034284-covo.aspx,4,1375,2026-05-08
Fiat,500 Dolcevita 1.0 Hybrid 70 CV,2021,93791,70,Híbrido,Manual,ECO,Usado,9990.0,Las Palmas,https://www.coches.net/fiat-500-dolcevita-10-hybrid-51kw-70-cv-3p-electrico-hibrido-2021-en-las-palmas-61037206-covo.aspx,5,18758,2026-05-08
Nissan,JUKE 1.6 Hybrid Tekna,2024,5505,143,Híbrido,Manual,ECO,Usado,25990.0,Sta. C. Tenerife,https://www.coches.net/nissan-juke-16-hybrid-105kw-145cv-tekna-5p-electrico-hibrido-2024-en-sta-c-tenerife-61196023-covo.aspx,2,2752,2026-05-08
Skoda,Octavia Combi 1.6 TDI CR Ambition,2015,370000,105,Diésel,Manual,C,Usado,6900.0,Asturias,https://www.coches.net/skoda-octavia-combi-16-tdi-cr-105cv-ambition-5p-diesel-2015-en-asturias-61200872-covo.aspx,11,33636,2026-05-08
Toyota,Yaris 1.5 100H Active Tech,2020,25225,100,Híbrido,Manual,ECO,Usado,16990.0,Murcia,https://www.coches.net/toyota-yaris-15-100h-active-tech-5p-electrico-hibrido-2019-en-murcia-61299561-covo.aspx,6,4204,2026-05-08
Mitsubishi,Eclipse Cross PHEV Kaiteki 4WD,2025,6052,188,Híbrido Enchufable,Manual,0_EMISIONES,Usado,33900.0,Jaén,https://www.coches.net/mitsubishi-eclipse-cross-phev-kaiteki-4wd-5p-electrico-hibrido-2023-en-jaen-61368409-covo.aspx,1,6052,2026-05-08
Mercedes-Benz,CLA CLA 200 D DCT 4MATIC Shooting Brake,2020,76018,150,Diésel,Automática,C,Usado,21500.0,Cádiz,https://www.coches.net/mercedes-benz-cla-cla-200-d-dct-4matic-shooting-brake-5p-diesel-2019-en-cadiz-61389886-covo.aspx,6,12670,2026-05-08
Audi,Q7 3.0 TDI ultra quattro tiptronic,2016,134138,218,Diésel,Automática,C,Usado,31990.0,Las Palmas,https://www.coches.net/audi-q7-30-tdi-218cv-ultra-quattro-tiptronic-5p-diesel-2016-en-las-palmas-61444575-covo.aspx,10,13414,2026-05-08
Citroen,C3 BlueHDi SS LIVE,2018,169000,99,Diésel,Manual,C,Usado,7750.0,Madrid,https://www.coches.net/citroen-c3-bluehdi-73kw-100cv-ss-live-5p-diesel-2018-en-madrid-61479648-covo.aspx,8,21125,2026-05-08
Volkswagen,Taigo Life 1.0 TSI DSG,2023,75715,110,Gasolina,Automática,C,Usado,17990.0,Valencia,https://www.coches.net/volkswagen-taigo-life-10-tsi-81kw-110cv-dsg-5p-gasolina-2023-en-valencia-61672254-covo.aspx,3,25238,2026-05-08
Bmw,ix2 eDrive20,2025,15000,204,Eléctrico,Automática,Sin etiqueta,Usado,48900.0,Lugo,https://www.coches.net/bmw-ix2-edrive20-5p-electrico-hibrido-2025-en-lugo-61684403-covo.aspx,1,15000,2026-05-08
Toyota,C-HR 1.8 140H Active,2024,60968,140,Híbrido,Manual,ECO,Usado,24990.0,Sta. C. Tenerife,https://www.coches.net/toyota-c-hr-18-140h-active-5p-electrico-hibrido-2024-en-sta-c-tenerife-61709969-covo.aspx,2,30484,2026-05-08
Seat,Arona 1.0 TSI StartStop Style,2025,5027,115,Gasolina,Manual,C,Usado,18800.0,Valencia,https://www.coches.net/seat-arona-10-tsi-85kw-115cv-startstop-style-5p-gasolina-2026-en-valencia-61735008-covo.aspx,1,5027,2026-05-08
Bmw,Serie 3 330e,2016,230000,252,Híbrido Enchufable,Manual,0_EMISIONES,Usado,13999.0,Alicante,https://www.coches.net/bmw-serie-3-330e-4p-electrico-hibrido-2017-en-alicante-61751166-covo.aspx,10,23000,2026-05-08
Skoda,Kodiaq 1.5 TSI 4x2 Active,2020,114988,150,Gasolina,Manual,C,Usado,22990.0,Bizkaia,https://www.coches.net/skoda-kodiaq-15-tsi-110kw-150cv-4x2-active-5p-gasolina-2020-en-vizcaya-61753950-covo.aspx,6,19165,2026-05-08
Suzuki,S-Cross 1.4T S3 Mild Hybrid Auto,2023,106000,129,Híbrido,Manual,ECO,Usado,18990.0,Bizkaia,https://www.coches.net/suzuki-s-cross-14t-s3-mild-hybrid-auto-5p-electrico-hibrido-2022-en-vizcaya-61767386-covo.aspx,3,35333,2026-05-08
Kia,Carens 1.7 CRDi VGT Emotion EcoD 7pl 16,2015,166000,141,Diésel,Manual,C,Usado,10999.0,Alicante,https://www.coches.net/kia-carens-17-crdi-vgt-141cv-emotion-ecod-7pl-16-5p-diesel-2016-en-alicante-61769948-covo.aspx,11,15091,2026-05-08
Ford,C-Max 1.6Ti VCT Trend,2012,129000,125,Gasolina,Manual,C,Usado,7999.0,Alicante,https://www.coches.net/ford-c-max-16ti-vct-125cv-trend-5p-gasolina-2012-en-alicante-61774679-covo.aspx,14,9214,2026-05-08
Toyota,Hilux 2.4 D4D Cabina Extra GX,2019,153000,150,Diésel,Manual,C,Usado,27490.0,Bizkaia,https://www.coches.net/toyota-hilux-24-d4d-cabina-extra-gx-2p-diesel-2019-en-vizcaya-61778851-covo.aspx,7,21857,2026-05-08
Bmw,Serie 1 118i,2023,81000,136,Gasolina,Manual,C,Usado,25500.0,Pontevedra,https://www.coches.net/bmw-serie-1-118i-5p-gasolina-2023-en-pontevedra-61797205-covo.aspx,3,27000,2026-05-08
Seat,Arona 1.5 TSI DSG FR XM,2023,46000,150,Gasolina,Automática,C,Usado,21990.0,Murcia,https://www.coches.net/seat-arona-15-tsi-110kw-150cv-dsg-fr-xm-5p-gasolina-2024-en-murcia-61806498-covo.aspx,3,15333,2026-05-08
Volvo,V90 Cross Country 2.0 B4 D Pro AWD Auto,2021,119000,197,Híbrido,Manual,ECO,Usado,29990.0,Murcia,https://www.coches.net/volvo-v90-cross-country-20-b4-d-pro-awd-auto-5p-electrico-hibrido-2022-en-murcia-61827194-covo.aspx,5,23800,2026-05-08
Renault,Espace Iconic ETech full hybrid,2023,34430,200,Híbrido,Manual,ECO,Usado,32088.0,Barcelona,https://www.coches.net/renault-espace-iconic-etech-full-hybrid-146kw-5p-electrico-hibrido-2023-en-barcelona-61835977-covo.aspx,3,11477,2026-05-08
Renault,Mégane S.T. Business Blue dCi 18,2019,162000,115,Diésel,Manual,C,Usado,11490.0,Bizkaia,https://www.coches.net/renault-megane-st-business-blue-dci-85kw-115cv--18-5p-diesel-2018-en-vizcaya-61844349-covo.aspx,7,23143,2026-05-08
Jeep,Renegade eHybrid 1.5 96kW130CV Limited ATX,2023,90000,130,Híbrido,Manual,ECO,Usado,19490.0,Bizkaia,https://www.coches.net/jeep-renegade-ehybrid-15-96kw130cv-limited-atx-5p-electrico-hibrido-2023-en-vizcaya-61844351-covo.aspx,3,30000,2026-05-08
Suzuki,Vitara 1.4 T GLE 4WD Mild Hybrid,2023,107400,129,Híbrido,Manual,ECO,Usado,18990.0,Bizkaia,https://www.coches.net/suzuki-vitara-14-t-gle-4wd-mild-hybrid-5p-electrico-hibrido-2022-en-vizcaya-61861391-covo.aspx,3,35800,2026-05-08
Volkswagen,Beetle Design 2.0 TDI DSG BMT,2016,120000,150,Diésel,Automática,C,Usado,13990.0,Murcia,https://www.coches.net/volkswagen-beetle-design-20-tdi-110kw-dsg-bmt-3p-diesel-2017-en-murcia-61865685-covo.aspx,10,12000,2026-05-08
Nissan,Townstar 5 plazas 1.3G L1 Acenta,2023,5922,130,Gasolina,Manual,C,Usado,21990.0,Sevilla,https://www.coches.net/nissan-townstar-5-plazas-13g-96kw-l1-acenta-5p-gasolina-2022-en-sevilla-61872877-covo.aspx,3,1974,2026-05-08
Skoda,Karoq 2.0 TDI DSG 4X4 Style,2022,145000,150,Diésel,Automática,C,Usado,22990.0,Murcia,https://www.coches.net/skoda-karoq-20-tdi-110kw-150cv-dsg-4x4-style-5p-diesel-2023-en-murcia-61893999-covo.aspx,4,36250,2026-05-08
Volkswagen,T-Cross Advance 1.0 TSI DSG,2021,79000,110,Gasolina,Automática,C,Usado,19990.0,Murcia,https://www.coches.net/volkswagen-t-cross-advance-10-tsi-81kw-110cv-dsg-5p-gasolina-2022-en-murcia-61894003-covo.aspx,5,15800,2026-05-08
Seat,Alhambra 1.4 TSI DSG StSp Style GO,2022,133900,150,Gasolina,Automática,C,Usado,20990.0,Bizkaia,https://www.coches.net/seat-alhambra-14-tsi-110kw-dsg-stsp-style-go-5p-gasolina-2022-en-vizcaya-61943007-covo.aspx,4,33475,2026-05-08
Mercedes-Benz,Clase A A 180 CDI Avantgarde,2007,168000,109,Diésel,Manual,B,Usado,6490.0,Barcelona,https://www.coches.net/mercedes-benz-clase-a-a-180-cdi-avantgarde-5p-diesel-2006-en-barcelona-62138030-covo.aspx,19,8842,2026-05-08
Bmw,X2 sDrive18i,2020,63000,140,Gasolina,Manual,C,Usado,24990.0,Bizkaia,https://www.coches.net/bmw-x2-sdrive18i-5p-gasolina-2020-en-vizcaya-62151794-covo.aspx,6,10500,2026-05-08
Volvo,V90 2.0 B4 D Momentum Pro Auto,2021,139000,197,Híbrido,Manual,ECO,Usado,24990.0,Murcia,https://www.coches.net/volvo-v90-20-b4-d-momentum-pro-auto-5p-electrico-hibrido-2021-en-murcia-62152757-covo.aspx,5,27800,2026-05-08
Seat,Ateca 2.0 TDI DSG Style XL,2023,139000,150,Diésel,Automática,C,Usado,19990.0,Murcia,https://www.coches.net/seat-ateca-20-tdi-110kw-150cv-dsg-style-xl-5p-diesel-2024-en-murcia-62152883-covo.aspx,3,46333,2026-05-08
Jeep,Renegade Night Eagle eHybrid 1.5 96kW130CV ATX,2022,53797,130,Híbrido,Manual,ECO,Usado,19990.0,Alicante,https://www.coches.net/jeep-renegade-night-eagle-ehybrid-15-96kw130cv-atx-5p-electrico-hibrido-2022-en-alicante-62161625-covo.aspx,4,13449,2026-05-08
Ford,Focus 1.0 Ecoboost AutoSS Pow.Trend,2016,164000,125,Gasolina,Manual,C,Usado,8470.0,Madrid,https://www.coches.net/ford-focus-10-ecoboost-autoss-125cv-powtrend-5p-gasolina-2015-en-madrid-62164302-covo.aspx,10,16400,2026-05-08
Volkswagen,Polo Life 1.0 TSI DSG,2022,59000,95,Gasolina,Automática,C,Usado,17990.0,Murcia,https://www.coches.net/volkswagen-polo-life-10-tsi-70kw-95cv-dsg-5p-gasolina-2023-en-murcia-62179859-covo.aspx,4,14750,2026-05-08
Volkswagen,Polo Life 1.0 TSI DSG,2022,49000,95,Gasolina,Automática,C,Usado,17990.0,Murcia,https://www.coches.net/volkswagen-polo-life-10-tsi-70kw-95cv-dsg-5p-gasolina-2023-en-murcia-62179860-covo.aspx,4,12250,2026-05-08
Bmw,Serie 3 M3 Competition M xDrive,2023,37187,510,Gasolina,Manual,C,Usado,84990.0,Las Palmas,https://www.coches.net/bmw-serie-3-m3-competition-m-xdrive-4p-gasolina-2022-en-las-palmas-62193501-covo.aspx,3,12396,2026-05-08
Seat,Ibiza 1.0 MPI Style XL,2023,60000,80,Gasolina,Manual,C,Usado,12990.0,Castellón,https://www.coches.net/seat-ibiza-10-mpi-59kw-80cv-style-xl-5p-gasolina-2023-en-castellon-62200983-covo.aspx,3,20000,2026-05-08
Citroen,C3 Aircross PureTech LIVE,2019,109000,82,Gasolina,Manual,C,Usado,9290.0,Sta. C. Tenerife,https://www.coches.net/citroen-c3-aircross-puretech-60kw-82cv-live-5p-gasolina-2019-en-sta-c-tenerife-62219874-covo.aspx,7,15571,2026-05-08
Citroen,C3 Aircross PureTech LIVE,2019,105000,82,Gasolina,Manual,C,Usado,9290.0,Sta. C. Tenerife,https://www.coches.net/citroen-c3-aircross-puretech-60kw-82cv-live-5p-gasolina-2019-en-sta-c-tenerife-62219876-covo.aspx,7,15000,2026-05-08
Peugeot,2008 GT Line Puretech 130 SS BVM6,2008,72000,130,Gasolina,Manual,C,Usado,12750.0,Madrid,https://www.coches.net/peugeot-2008-gt-line-puretech-130-ss-bvm6-5p-gasolina-2020-en-madrid-62232447-covo.aspx,18,4000,2026-05-08
Mercedes-Benz,CLS CLS 350 d 4MATIC,2019,183000,286,Diésel,Manual,C,Usado,36470.0,Madrid,https://www.coches.net/mercedes-benz-cls-cls-350-d-4matic-4p-diesel-2019-en-madrid-62232668-covo.aspx,7,26143,2026-05-08
Citroen,C3 Aircross PureTech LIVE,2019,105000,82,Gasolina,Manual,C,Usado,9290.0,Las Palmas,https://www.coches.net/citroen-c3-aircross-puretech-60kw-82cv-live-5p-gasolina-2019-en-las-palmas-62235150-covo.aspx,7,15000,2026-05-08
Jeep,Avenger 1.2 G Altitude,2024,71000,100,Gasolina,Manual,C,Usado,16990.0,Sta. C. Tenerife,https://www.coches.net/jeep-avenger-12-g-74kw-100cv-altitude-5p-gasolina-2023-en-sta-c-tenerife-62243682-covo.aspx,2,35500,2026-05-08
Kia,XCeed 1.6 GDi PHEV eDrive,2022,12211,141,Híbrido Enchufable,Automática,0_EMISIONES,Usado,21940.0,Sevilla,https://www.coches.net/kia-xceed-16-gdi-phev-104kw-141cv-edrive-5p-electrico-hibrido-2022-en-sevilla-62247541-covo.aspx,4,3053,2026-05-08
Kia,XCeed 1.6 GDi PHEV eTech,2021,10095,141,Híbrido Enchufable,Manual,0_EMISIONES,Usado,21890.0,Sevilla,https://www.coches.net/kia-xceed-16-gdi-phev-104kw-141cv-etech-5p-electrico-hibrido-2021-en-sevilla-62249724-covo.aspx,5,2019,2026-05-08
Kia,e-Niro eNiro Emotion,2020,16019,136,Eléctrico,Automática,Sin etiqueta,Usado,21740.0,Sevilla,https://www.coches.net/kia-e-niro-eniro-100kw-136cv-emotion-5p-electrico-hibrido-2020-en-sevilla-62250394-covo.aspx,6,2670,2026-05-08
Kia,XCeed 1.6 GDi PHEV eDrive,2022,27754,141,Híbrido Enchufable,Automática,0_EMISIONES,Usado,19480.0,Sevilla,https://www.coches.net/kia-xceed-16-gdi-phev-104kw-141cv-edrive-5p-electrico-hibrido-2022-en-sevilla-62250544-covo.aspx,4,6938,2026-05-08
Kia,XCeed 1.6 GDi PHEV eTech,2022,19146,141,Híbrido Enchufable,Manual,0_EMISIONES,Usado,22490.0,Sevilla,https://www.coches.net/kia-xceed-16-gdi-phev-104kw-141cv-etech-5p-electrico-hibrido-2022-en-sevilla-62250591-covo.aspx,4,4786,2026-05-08
Kia,XCeed 1.6 GDi PHEV eDrive,2022,9128,141,Híbrido Enchufable,Automática,0_EMISIONES,Usado,20940.0,Sevilla,https://www.coches.net/kia-xceed-16-gdi-phev-104kw-141cv-edrive-5p-electrico-hibrido-2022-en-sevilla-62257564-covo.aspx,4,2282,2026-05-08
Mazda,CX-30 eSKYACTIVX 2.0 AT Zenith,2022,79000,186,Híbrido,Automática,ECO,Usado,22990.0,Sta. C. Tenerife,https://www.coches.net/mazda-cx-30-eskyactivx-20-137kw-at-zenith-5p-electrico-hibrido-2021-en-sta-c-tenerife-62272134-covo.aspx,4,19750,2026-05-08
Mitsubishi,Eclipse Cross 2.4 PHEV Kaiteki Auto 4WD,2022,69000,188,Híbrido Enchufable,Manual,0_EMISIONES,Usado,20990.0,Sta. C. Tenerife,https://www.coches.net/mitsubishi-eclipse-cross-24-phev-kaiteki-auto-4wd-5p-electrico-hibrido-2021-en-sta-c-tenerife-62273618-covo.aspx,4,17250,2026-05-08
Mercedes-Benz,Clase E E 200 d,2017,150595,150,Diésel,Manual,C,Usado,23490.0,Bizkaia,https://www.coches.net/mercedes-benz-clase-e-e-200-d-4p-diesel-2018-en-vizcaya-62273749-covo.aspx,9,16733,2026-05-08
Volkswagen,Golf Style 1.5 PHEV DSG,2025,3900,204,Híbrido Enchufable,Automática,0_EMISIONES,Usado,26990.0,Sta. C. Tenerife,https://www.coches.net/volkswagen-golf-style-15-phev-110kw--85kw-dsg-5p-electrico-hibrido-2025-en-sta-c-tenerife-62276478-covo.aspx,1,3900,2026-05-08
Ds,DS 3 Crossback PureTech PERFORMANCE LINE,2022,74000,130,Gasolina,Manual,C,Usado,13990.0,Sta. C. Tenerife,https://www.coches.net/ds-ds-3-crossback-puretech-96kw-130cv-performance-line-5p-gasolina-2022-en-sta-c-tenerife-62276479-covo.aspx,4,18500,2026-05-08
Mitsubishi,Eclipse Cross 2.4 PHEV Kaiteki Auto 4WD,2022,69000,188,Híbrido Enchufable,Manual,0_EMISIONES,Usado,20990.0,Las Palmas,https://www.coches.net/mitsubishi-eclipse-cross-24-phev-kaiteki-auto-4wd-5p-electrico-hibrido-2021-en-las-palmas-62276545-covo.aspx,4,17250,2026-05-08
Ds,DS 3 Crossback PureTech PERFORMANCE LINE,2022,74000,130,Gasolina,Manual,C,Usado,13990.0,Las Palmas,https://www.coches.net/ds-ds-3-crossback-puretech-96kw-130cv-performance-line-5p-gasolina-2022-en-las-palmas-62276549-covo.aspx,4,18500,2026-05-08
Volkswagen,Golf Style 1.5 PHEV DSG,2025,3900,204,Híbrido Enchufable,Automática,0_EMISIONES,Usado,26990.0,Las Palmas,https://www.coches.net/volkswagen-golf-style-15-phev-110kw--85kw-dsg-5p-electrico-hibrido-2025-en-las-palmas-62276550-covo.aspx,1,3900,2026-05-08
Nissan,Micra IGT 100 CV E6D Tekna,2020,129000,100,Gasolina,Manual,C,Usado,14390.0,Murcia,https://www.coches.net/nissan-micra-igt-74-kw-100-cv-e6d-tekna-5p-gasolina-2020-en-murcia-62278232-covo.aspx,6,21500,2026-05-08
Seat,Ibiza 1.2 TSI Style,2016,199000,90,Gasolina,Manual,C,Usado,6750.0,Madrid,https://www.coches.net/seat-ibiza-12-tsi-90cv-style-5p-gasolina-2017-en-madrid-62289026-covo.aspx,10,19900,2026-05-08
Audi,A6 2.0 TDI multitronic,2012,317000,177,Diésel,Manual,B,Usado,9970.0,Madrid,https://www.coches.net/audi-a6-20-tdi-177cv-multitronic-4p-diesel-2013-en-madrid-62289116-covo.aspx,14,22643,2026-05-08
Porsche,Cayenne Coupé EHybrid,2024,32000,470,Híbrido Enchufable,Manual,0_EMISIONES,Usado,94990.0,Sta. C. Tenerife,https://www.coches.net/porsche-cayenne-coupe-ehybrid-5p-electrico-hibrido-2024-en-sta-c-tenerife-62289475-covo.aspx,2,16000,2026-05-08
Audi,A8 3.0 TDI quattro tiptronic DPF,2008,375000,233,Diésel,Automática,B,Usado,8900.0,Asturias,https://www.coches.net/audi-a8-30-tdi-quattro-tiptronic-dpf-4p-diesel-2008-en-asturias-62296793-covo.aspx,18,20833,2026-05-08
Bmw,X1 sDrive18dA Corporate,2022,62000,150,Diésel,Manual,C,Usado,27990.0,Murcia,https://www.coches.net/bmw-x1-sdrive18da-corporate-5p-diesel-2022-en-murcia-62298985-covo.aspx,4,15500,2026-05-08
Audi,A1 Sportback 35 TFSI S tronic,2020,68000,150,Gasolina,Automática,C,Usado,24500.0,Pontevedra,https://www.coches.net/audi-a1-sportback-35-tfsi-110kw-150cv-s-tronic-5p-gasolina-2021-en-pontevedra-62307707-covo.aspx,6,11333,2026-05-08
Volvo,XC90 2.0 T8 AWD Inscription Auto,2020,99000,390,Híbrido Enchufable,Manual,0_EMISIONES,Usado,37990.0,Sta. C. Tenerife,https://www.coches.net/volvo-xc90-20-t8-awd-inscription-auto-5p-electrico-hibrido-2020-en-sta-c-tenerife-62307720-covo.aspx,6,16500,2026-05-08
Hyundai,i10 1.0 Klass,2023,72000,67,Gasolina,Manual,C,Usado,10990.0,Sta. C. Tenerife,https://www.coches.net/hyundai-i10-10-klass-5p-gasolina-2023-en-sta-c-tenerife-62307844-covo.aspx,3,24000,2026-05-08
Hyundai,i10 1.0 Klass,2023,73000,67,Gasolina,Manual,C,Usado,10990.0,Sta. C. Tenerife,https://www.coches.net/hyundai-i10-10-klass-5p-gasolina-2023-en-sta-c-tenerife-62307845-covo.aspx,3,24333,2026-05-08
Land Rover,Range Rover Evoque 1.5 P300e RDynamic S AUTO 4WD PHEV,2022,61000,309,Híbrido Enchufable,Manual,0_EMISIONES,Usado,30990.0,Sta. C. Tenerife,https://www.coches.net/land-rover-range-rover-evoque-15-p300e-rdynamic-s-auto-4wd-phev-5p-electrico-hibrido-2023-en-sta-c-tenerife-62307849-covo.aspx,4,15250,2026-05-08
Bmw,X2 xDrive25e Auto,2021,46000,220,Híbrido Enchufable,Manual,0_EMISIONES,Usado,28990.0,Sta. C. Tenerife,https://www.coches.net/bmw-x2-xdrive25e-auto-5p-electrico-hibrido-2021-en-sta-c-tenerife-62307860-covo.aspx,5,9200,2026-05-08
Volvo,XC90 2.0 T8 AWD Inscription Auto,2020,99000,390,Híbrido Enchufable,Manual,0_EMISIONES,Usado,37990.0,Las Palmas,https://www.coches.net/volvo-xc90-20-t8-awd-inscription-auto-5p-electrico-hibrido-2020-en-las-palmas-62308147-covo.aspx,6,16500,2026-05-08
Land Rover,Range Rover Evoque 1.5 P300e RDynamic S AUTO 4WD PHEV,2022,61000,309,Híbrido Enchufable,Manual,0_EMISIONES,Usado,30990.0,Las Palmas,https://www.coches.net/land-rover-range-rover-evoque-15-p300e-rdynamic-s-auto-4wd-phev-5p-electrico-hibrido-2023-en-las-palmas-62308184-covo.aspx,4,15250,2026-05-08
Mitsubishi,Outlander 2.4 PHEV Kaiteki Auto 4WD,2018,128000,224,Híbrido Enchufable,Manual,0_EMISIONES,Usado,19490.0,Bizkaia,https://www.coches.net/mitsubishi-outlander-24-phev-kaiteki-auto-4wd-5p-electrico-hibrido-2019-en-vizcaya-62309866-covo.aspx,8,16000,2026-05-08
Volvo,XC40 1.5 T2 Momentum Core,2021,146000,129,Gasolina,Manual,C,Usado,19990.0,Bizkaia,https://www.coches.net/volvo-xc40-15-t2-momentum-core-5p-gasolina-2021-en-vizcaya-62313221-covo.aspx,5,29200,2026-05-08
Kia,Sportage 1.6 GDi Concept 4x2,2017,141230,132,Gasolina,Manual,C,Usado,11910.0,Sevilla,https://www.coches.net/kia-sportage-16-gdi-97kw-132cv-concept-4x2-5p-gasolina-2017-en-sevilla-62314608-covo.aspx,9,15692,2026-05-08
Mercedes-Benz,GLA GLA 250 e con tecnologia hibrida EQ,2024,44000,218,Híbrido Enchufable,Manual,0_EMISIONES,Usado,39990.0,Alicante,https://www.coches.net/mercedes-benz-gla-gla-250-e-con-tecnologia-hibrida-eq-5p-electrico-hibrido-2025-en-alicante-62322805-covo.aspx,2,22000,2026-05-08
Citroen,C3 Aircross BlueHDi SS Feel Pack,2021,47954,110,Diésel,Manual,C,Usado,12990.0,Valencia,https://www.coches.net/citroen-c3-aircross-bluehdi-81kw-110cv-ss-feel-pack-5p-diesel-2021-en-valencia-62324035-covo.aspx,5,9591,2026-05-08
Audi,A3 Sportback S line 35 TDI S tronic,2025,16711,150,Diésel,Automática,C,Usado,37300.0,Gipuzkoa,https://www.coches.net/audi-a3-sportback-s-line-35-tdi-110kw-s-tronic-5p-diesel-2025-en-guipuzcoa-62328373-covo.aspx,1,16711,2026-05-08
Bmw,X2 xDrive25e Auto,2021,75000,220,Híbrido Enchufable,Manual,0_EMISIONES,Usado,22990.0,Sta. C. Tenerife,https://www.coches.net/bmw-x2-xdrive25e-auto-5p-electrico-hibrido-2021-en-sta-c-tenerife-62332640-covo.aspx,5,15000,2026-05-08
Bmw,X2 xDrive25e Auto,2021,75000,220,Híbrido Enchufable,Manual,0_EMISIONES,Usado,22990.0,Las Palmas,https://www.coches.net/bmw-x2-xdrive25e-auto-5p-electrico-hibrido-2021-en-las-palmas-62334767-covo.aspx,5,15000,2026-05-08
Renault,Scénic LIMITED Energy Tce 115 Euo 6,2015,100000,115,Gasolina,Manual,C,Usado,9490.0,Alicante,https://www.coches.net/renault-scenic-limited-energy-tce-115-euo-6-5p-gasolina-2015-en-alicante-62335282-covo.aspx,11,9091,2026-05-08
Fiat,500X Sport 1.0 Firefly T3 120 CV SS,2022,71000,120,Gasolina,Manual,C,Usado,15990.0,Las Palmas,https://www.coches.net/fiat-500x-sport-10-firefly-t3-88kw-120-cv-ss-5p-gasolina-2022-en-las-palmas-62344001-covo.aspx,4,17750,2026-05-08
Mini,COUNTRYMAN Cooper S E ALL4,2020,67000,224,Híbrido Enchufable,Manual,0_EMISIONES,Usado,20990.0,Las Palmas,https://www.coches.net/mini-countryman-cooper-s-e-all4-5p-electrico-hibrido-2020-en-las-palmas-62344009-covo.aspx,6,11167,2026-05-08
Fiat,500X Sport 1.0 Firefly T3 120 CV SS,2022,71000,120,Gasolina,Manual,C,Usado,15990.0,Sta. C. Tenerife,https://www.coches.net/fiat-500x-sport-10-firefly-t3-88kw-120-cv-ss-5p-gasolina-2022-en-sta-c-tenerife-62344177-covo.aspx,4,17750,2026-05-08
Mini,COUNTRYMAN Cooper S E ALL4,2020,67000,224,Híbrido Enchufable,Manual,0_EMISIONES,Usado,20990.0,Sta. C. Tenerife,https://www.coches.net/mini-countryman-cooper-s-e-all4-5p-electrico-hibrido-2020-en-sta-c-tenerife-62344199-covo.aspx,6,11167,2026-05-08
Renault,Clio Zen ETech Hibrido,2022,74000,140,Híbrido,Manual,ECO,Usado,15990.0,Sta. C. Tenerife,https://www.coches.net/renault-clio-zen-etech-hibrido-104-kw-140cv-5p-electrico-hibrido-2021-en-sta-c-tenerife-62344203-covo.aspx,4,18500,2026-05-08
Renault,Trafic SL LIMITED Energy dCi 120 CV SS,2021,95000,120,Diésel,Manual,C,Usado,18990.0,Sta. C. Tenerife,https://www.coches.net/renault-trafic-sl-limited-energy-dci-88-kw-120-cv-ss-4p-diesel-2019-en-sta-c-tenerife-62344205-covo.aspx,5,19000,2026-05-08
Toyota,Prius PlugIn 125PH Advance,2022,78000,122,Híbrido Enchufable,Manual,0_EMISIONES,Usado,18990.0,Sta. C. Tenerife,https://www.coches.net/toyota-prius-plugin-125ph-advance-5p-electrico-hibrido-2021-en-sta-c-tenerife-62344210-covo.aspx,4,19500,2026-05-08
Renault,Mégane Intens ETECH Hibrido Ench. 117kW160CV,2022,68000,160,Híbrido Enchufable,Manual,0_EMISIONES,Usado,15990.0,Sta. C. Tenerife,https://www.coches.net/renault-megane-intens-etech-hibrido-ench-117kw160cv-5p-electrico-hibrido-2021-en-sta-c-tenerife-62352476-covo.aspx,4,17000,2026-05-08
Seat,Ateca 1.0 TSI StSp Style XL,2023,73500,110,Gasolina,Manual,C,Usado,18990.0,Sta. C. Tenerife,https://www.coches.net/seat-ateca-10-tsi-81kw-stsp-style-xl-5p-gasolina-2023-en-sta-c-tenerife-62352477-covo.aspx,3,24500,2026-05-08
Ds,DS 3 Crossback PureTech PERFORMANCE LINE,2022,75000,130,Gasolina,Manual,C,Usado,13990.0,Sta. C. Tenerife,https://www.coches.net/ds-ds-3-crossback-puretech-96kw-130cv-performance-line-5p-gasolina-2022-en-sta-c-tenerife-62364777-covo.aspx,4,18750,2026-05-08
Audi,A3 Sportback S line 35 TFSI S tronic,2025,15084,150,Híbrido,Automática,ECO,Usado,37300.0,Gipuzkoa,https://www.coches.net/audi-a3-sportback-s-line-35-tfsi-110kw-s-tronic-5p-electrico-hibrido-2025-en-guipuzcoa-62364796-covo.aspx,1,15084,2026-05-08
Kia,Carens 2.0 CRDI EX,2005,171900,112,Diésel,Manual,Sin etiqueta,Usado,5490.0,Alicante,https://www.coches.net/kia-carens-20-crdi-ex-5p-diesel-2006-en-alicante-62365053-covo.aspx,21,8186,2026-05-08
Audi,Q5 S line 40 TDI quattroultra,2023,52380,204,Híbrido,Manual,ECO,Usado,48900.0,Jaén,https://www.coches.net/audi-q5-s-line-40-tdi-150kw-quattroultra-5p-electrico-hibrido-2023-en-jaen-62370764-covo.aspx,3,17460,2026-05-08
Bmw,X5 M50d,2015,199500,381,Diésel,Manual,C,Usado,39999.0,Alicante,https://www.coches.net/bmw-x5-m50d-5p-diesel-2016-en-alicante-62391168-covo.aspx,11,18136,2026-05-08
Porsche,Macan Macan,2021,79500,265,Gasolina,Manual,C,Usado,64999.0,Alicante,https://www.coches.net/porsche-macan-macan-5p-gasolina-2022-en-alicante-62391628-covo.aspx,5,15900,2026-05-08
Mitsubishi,Eclipse Cross PHEV Kaiteki 4WD,2024,9890,188,Híbrido Enchufable,Manual,0_EMISIONES,Usado,31250.0,Sevilla,https://www.coches.net/mitsubishi-eclipse-cross-phev-kaiteki-4wd-5p-electrico-hibrido-2023-en-sevilla-62393432-covo.aspx,2,4945,2026-05-08
Kia,Sportage 1.6 TGDi PHEV Tech 4x4,2023,14533,265,Híbrido Enchufable,Manual,0_EMISIONES,Usado,32590.0,Sevilla,https://www.coches.net/kia-sportage-16-tgdi-phev-198kw-265cv-tech-4x4-5p-electrico-hibrido-2023-en-sevilla-62393448-covo.aspx,3,4844,2026-05-08
Volkswagen,T-Roc Advance 2.0 TDI DSG,2021,65818,150,Diésel,Automática,C,Usado,21990.0,Alicante,https://www.coches.net/volkswagen-t-roc-advance-20-tdi-110kw-150cv-dsg-5p-diesel-2022-en-alicante-62400476-covo.aspx,5,13164,2026-05-08
Volkswagen,Passat Variant Advance 2.0 TDI BMT,2015,426000,150,Diésel,Manual,C,Usado,7790.0,Madrid,https://www.coches.net/volkswagen-passat-variant-advance-20-tdi-150cv-bmt-5p-diesel-2015-en-madrid-62400955-covo.aspx,11,38727,2026-05-08
Mercedes-Benz,Clase C C 200 CDI Avantgarde,2009,248000,136,Diésel,Manual,B,Usado,7470.0,Madrid,https://www.coches.net/mercedes-benz-clase-c-c-200-cdi-avantgarde-4p-diesel-2009-en-madrid-62406557-covo.aspx,17,14588,2026-05-08
Mercedes-Benz,Clase GLC GLC 300 de 4MATIC,2022,63500,306,Híbrido Enchufable,Manual,0_EMISIONES,Usado,36990.0,Las Palmas,https://www.coches.net/mercedes-benz-clase-glc-glc-300-de-4matic-5p-electrico-hibrido-2022-en-las-palmas-62413460-covo.aspx,4,15875,2026-05-08
Mercedes-Benz,GLC Coupé GLC 300 de 4MATIC,2024,41000,333,Híbrido Enchufable,Manual,0_EMISIONES,Usado,55990.0,Las Palmas,https://www.coches.net/mercedes-benz-glc-coupe-glc-300-de-4matic-5p-electrico-hibrido-2024-en-las-palmas-62413464-covo.aspx,2,20500,2026-05-08
Maserati,Levante Diesel 3.0 V6 turbo 275 CV,2020,48780,275,Diésel,Manual,C,Usado,44990.0,Las Palmas,https://www.coches.net/maserati-levante-diesel-30-v6-turbo-202-kw-275-cv-5p-diesel-2020-en-las-palmas-62414745-covo.aspx,6,8130,2026-05-08
Bmw,Serie 4 420d,2021,84400,190,Híbrido,Manual,ECO,Usado,34990.0,Las Palmas,https://www.coches.net/bmw-serie-4-420d-2p-electrico-hibrido-2021-en-las-palmas-62414746-covo.aspx,5,16880,2026-05-08
Bmw,Serie 1 116d,2017,112150,116,Diésel,Manual,C,Usado,15900.0,Guadalajara,https://www.coches.net/bmw-serie-1-116d-5p-diesel-2017-en-guadalajara-62416130-covo.aspx,9,12461,2026-05-08
Porsche,Cayenne Coupé EHybrid Platinum Edition,2023,69500,462,Híbrido Enchufable,Manual,0_EMISIONES,Usado,92999.0,Alicante,https://www.coches.net/porsche-cayenne-coupe-ehybrid-platinum-edition-5p-electrico-hibrido-2023-en-alicante-62417994-covo.aspx,3,23167,2026-05-08
Mercedes-Benz,Clase CLA CLA 250 Sport 4MATIC Shooting Brake,2016,126500,218,Gasolina,Manual,C,Usado,19999.0,Alicante,https://www.coches.net/mercedes-benz-clase-cla-cla-250-sport-4matic-shooting-brake-5p-gasolina-2017-en-alicante-62426794-covo.aspx,10,12650,2026-05-08
Mercedes-Benz,Clase CLA CLA 200 d,2018,119000,136,Diésel,Manual,C,Usado,22990.0,Murcia,https://www.coches.net/mercedes-benz-clase-cla-cla-200-d-4p-diesel-2018-en-murcia-62427071-covo.aspx,8,14875,2026-05-08
Volvo,V60 Cross Country 2.0 B4 D AWD Cross Country Core Auto,2022,161645,197,Híbrido,Manual,ECO,Usado,26900.0,Jaén,https://www.coches.net/volvo-v60-cross-country-20-b4-d-awd-cross-country-core-auto-5p-electrico-hibrido-2023-en-jaen-62437005-covo.aspx,4,40411,2026-05-08
Mercedes-Benz,GLA GLA 250 e,2023,64500,218,Híbrido Enchufable,Manual,0_EMISIONES,Usado,29990.0,Las Palmas,https://www.coches.net/mercedes-benz-gla-gla-250-e-5p-electrico-hibrido-2020-en-las-palmas-62438278-covo.aspx,3,21500,2026-05-08
Opel,Grandland X PHEV 1.6 Turbo Edition Auto 4x2,2022,60500,224,Híbrido Enchufable,Manual,0_EMISIONES,Usado,17990.0,Las Palmas,https://www.coches.net/opel-grandland-x-phev-16-turbo-edition-auto-4x2-5p-electrico-hibrido-2021-en-las-palmas-62438281-covo.aspx,4,15125,2026-05-08
Jeep,Compass 1.4 Mair Longitude 4x2,2020,102500,140,Gasolina,Manual,C,Usado,14990.0,Las Palmas,https://www.coches.net/jeep-compass-14-mair-103kw-longitude-4x2-5p-gasolina-2020-en-las-palmas-62438284-covo.aspx,6,17083,2026-05-08
Audi,A1 Sportback 1.2 TFSI Ambition,2014,199000,86,Gasolina,Manual,C,Usado,7970.0,Madrid,https://www.coches.net/audi-a1-sportback-12-tfsi-86cv-ambition-5p-gasolina-2014-en-madrid-62440177-covo.aspx,12,16583,2026-05-08
Volkswagen,Passat Variant Advance 2.0 TDI BMT DSG,2016,399000,150,Diésel,Automática,C,Usado,7750.0,Madrid,https://www.coches.net/volkswagen-passat-variant-advance-20-tdi-110kw-bmt-dsg-5p-diesel-2017-en-madrid-62440326-covo.aspx,10,39900,2026-05-08
Audi,Q5 S line 2.0 TDI quattro S tronic,2018,109000,190,Diésel,Automática,C,Usado,26470.0,Madrid,https://www.coches.net/audi-q5-s-line-20-tdi-140kw-quattro-s-tronic-5p-diesel-2018-en-madrid-62440799-covo.aspx,8,13625,2026-05-08
Lynk,& CO 01 1.5 PHEV 6.6kW,2023,30000,261,Híbrido Enchufable,Manual,0_EMISIONES,Usado,25900.0,Murcia,https://www.coches.net/lynk--co-01-15-phev-66kw-5p-electrico-hibrido-2023-en-murcia-62460207-covo.aspx,3,10000,2026-05-08
Bmw,X3 xDrive20d,2021,95000,190,Híbrido,Manual,ECO,Usado,40900.0,Lugo,https://www.coches.net/bmw-x3-xdrive20d-5p-electrico-hibrido-2020-en-lugo-62464319-covo.aspx,5,19000,2026-05-08
Porsche,Macan GTS,2017,174500,360,Gasolina,Manual,C,Usado,40999.0,Alicante,https://www.coches.net/porsche-macan-gts-5p-gasolina-2018-en-alicante-62464597-covo.aspx,9,19389,2026-05-08
Mercedes-Benz,Clase A Sedan A 200,2020,54500,163,Gasolina,Manual,C,Usado,29999.0,Alicante,https://www.coches.net/mercedes-benz-clase-a-sedan-a-200-4p-gasolina-2020-en-alicante-62464636-covo.aspx,6,9083,2026-05-08
Audi,A3 1.6 TDI Sedan,2016,169000,110,Diésel,Manual,C,Usado,12970.0,Madrid,https://www.coches.net/audi-a3-16-tdi-sedan-4p-diesel-2017-en-madrid-62466720-covo.aspx,10,16900,2026-05-08
Seat,León 1.2 TSI StSp Reference,2014,269000,105,Gasolina,Manual,C,Usado,6350.0,Madrid,https://www.coches.net/seat-leon-12-tsi-105cv-stsp-reference-5p-gasolina-2014-en-madrid-62466774-covo.aspx,12,22417,2026-05-08
Citroen,C4 BlueHDi 130 SS EAT8 Shine,2022,62389,130,Diésel,Manual,C,Usado,15990.0,Valencia,https://www.coches.net/citroen-c4-bluehdi-130-ss-eat8-shine-5p-diesel-2021-en-valencia-62471606-covo.aspx,4,15597,2026-05-08
Dacia,Sandero Stepway Essential TCE 74kW100CV GLPSS,2021,132000,100,Glp,Manual,Sin etiqueta,Usado,11490.0,Barcelona,https://www.coches.net/dacia-sandero-stepway-essential-tce-74kw100cv-glpss-5p-otros-2020-en-barcelona-62477444-covo.aspx,5,26400,2026-05-08
Volvo,V90 2.0 D4 Momentum Auto,2017,140000,190,Diésel,Manual,C,Usado,21500.0,Badajoz,https://www.coches.net/volvo-v90-20-d4-momentum-auto-5p-diesel-2018-en-badajoz-62479167-covo.aspx,9,15556,2026-05-08
Bmw,Serie 1 116d,2016,109000,116,Diésel,Manual,C,Usado,16990.0,Murcia,https://www.coches.net/bmw-serie-1-116d-5p-diesel-2017-en-murcia-62498646-covo.aspx,10,10900,2026-05-08
Volvo,V60 2.0 B4 D Plus Dark Auto,2023,153000,197,Híbrido,Manual,ECO,Usado,24990.0,Murcia,https://www.coches.net/volvo-v60-20-b4-d-plus-dark-auto-5p-electrico-hibrido-2024-en-murcia-62498647-covo.aspx,3,51000,2026-05-08
Toyota,Yaris Cross 1.5 120H Style,2023,45879,116,Híbrido,Manual,ECO,Usado,19990.0,Sta. C. Tenerife,https://www.coches.net/toyota-yaris-cross-15-120h-style-5p-electrico-hibrido-2023-en-sta-c-tenerife-62501730-covo.aspx,3,15293,2026-05-08
Bmw,X1 xDrive30e,2024,5030,326,Híbrido Enchufable,Manual,0_EMISIONES,Usado,44900.0,Toledo,https://www.coches.net/bmw-x1-xdrive30e-5p-electrico-hibrido-2025-en-toledo-62501744-covo.aspx,2,2515,2026-05-08
Land Rover,Range Rover Sport 3.0 I6 PHEV 460 PS AWD Auto SE,2024,17010,460,Híbrido Enchufable,Manual,0_EMISIONES,Usado,99900.0,Madrid,https://www.coches.net/land-rover-range-rover-sport-30-i6-phev-460-ps-awd-auto-se-5p-electrico-hibrido-2025-en-madrid-62502285-covo.aspx,2,8505,2026-05-08
Mazda,CX-5 2.2 D 2WD Evolution,2020,99000,150,Diésel,Manual,C,Usado,21990.0,Murcia,https://www.coches.net/mazda-cx-5-22-d-110kw-150cv-2wd-evolution-5p-diesel-2020-en-murcia-62503570-covo.aspx,6,16500,2026-05-08
Mercedes-Benz,Clase C C Cabrio MercedesAMG C 63 S,2017,59000,510,Gasolina,Manual,C,Usado,62900.0,Pontevedra,https://www.coches.net/mercedes-benz-clase-c-c-cabrio-mercedesamg-c-63-s-2p-gasolina-2018-en-pontevedra-62504364-covo.aspx,9,6556,2026-05-08
Hyundai,Bayon 1.0 TGDI 48V Maxx,2021,60914,100,Híbrido,Manual,ECO,Usado,14890.0,Sevilla,https://www.coches.net/hyundai-bayon-10-tgdi-74kw-100cv-48v-maxx-5p-electrico-hibrido-2021-en-sevilla-62505387-covo.aspx,5,12183,2026-05-08
Renault,Captur Zen TCe 140 EDC GPF Micro Hibrido,2021,55000,140,Híbrido,Manual,ECO,Usado,20990.0,Murcia,https://www.coches.net/renault-captur-zen-tce-140-edc-gpf-micro-hibrido-5p-electrico-hibrido-2021-en-murcia-62512300-covo.aspx,5,11000,2026-05-08
Seat,Ateca 1.5 TSI StSp Style XL,2023,71000,150,Gasolina,Manual,C,Usado,19990.0,Las Palmas,https://www.coches.net/seat-ateca-15-tsi-110kw-stsp-style-xl-5p-gasolina-2023-en-las-palmas-62519802-covo.aspx,3,23667,2026-05-08
Jeep,Compass 4Xe 1.3 PHEV Trailhawk AT AWD,2022,36297,240,Híbrido Enchufable,Automática,0_EMISIONES,Usado,22990.0,Valencia,https://www.coches.net/jeep-compass-4xe-13-phev-177kw-trailhawk-at-awd-5p-electrico-hibrido-2022-en-valencia-62521899-covo.aspx,4,9074,2026-05-08
Volkswagen,T-Cross Sport 1.5 TSI DSG,2021,20000,150,Gasolina,Automática,C,Usado,23990.0,Sta. C. Tenerife,https://www.coches.net/volkswagen-t-cross-sport-15-tsi-110kw-150cv-dsg-5p-gasolina-2022-en-sta-c-tenerife-62525490-covo.aspx,5,4000,2026-05-08
Mercedes-Benz,Clase GLC GLC 200 4MATIC,2021,39962,197,Híbrido,Manual,ECO,Usado,41900.0,Alicante,https://www.coches.net/mercedes-benz-clase-glc-glc-200-4matic-5p-electrico-hibrido-2022-en-alicante-62526290-covo.aspx,5,7992,2026-05-08
Renault,Koleos Zen dCi XTronic,2018,98000,177,Diésel,Automática,C,Usado,17990.0,Sta. C. Tenerife,https://www.coches.net/renault-koleos-zen-dci-130kw-175cv-xtronic-5p-diesel-2017-en-sta-c-tenerife-62544589-covo.aspx,8,12250,2026-05-08
Seat,Arona 1.0 TSI DSG Xcellence Eco,2018,79996,115,Gasolina,Automática,C,Usado,14990.0,Alicante,https://www.coches.net/seat-arona-10-tsi-85kw-115cv-dsg-xcellence-eco-5p-gasolina-2018-en-alicante-62547730-covo.aspx,8,10000,2026-05-08
Mercedes-Benz,GLA GLA 200 D,2020,77000,150,Diésel,Manual,C,Usado,33700.0,Murcia,https://www.coches.net/mercedes-benz-gla-gla-200-d-5p-diesel-2020-en-murcia-62548354-covo.aspx,6,12833,2026-05-08
Cupra,León 1.5 eTSI DSG,2024,19000,150,Híbrido,Automática,ECO,Usado,27490.0,Barcelona,https://www.coches.net/cupra-leon-15-etsi-110kw-150cv-dsg-5p-electrico-hibrido-2025-en-barcelona-62552899-covo.aspx,2,9500,2026-05-08
Ford,EcoSport 1.0T EcoBoost SS Titanium,2020,30647,125,Gasolina,Manual,C,Usado,14990.0,Bizkaia,https://www.coches.net/ford-ecosport-10t-ecoboost-92kw-125cv-ss-titanium-5p-gasolina-2021-en-vizcaya-62558174-covo.aspx,6,5108,2026-05-08
Bmw,X6 xDrive30d M Sport,2023,66200,286,Híbrido,Manual,ECO,Usado,74800.0,Alicante,https://www.coches.net/bmw-x6-xdrive30d-m-sport-5p-electrico-hibrido-2024-en-alicante-62561931-covo.aspx,3,22067,2026-05-08
Mercedes-Benz,Clase E E 220 CDI Blue Efficiency Elegance,2010,313000,170,Diésel,Manual,B,Usado,7970.0,Madrid,https://www.coches.net/mercedes-benz-clase-e-e-220-cdi-blue-efficiency-elegance-4p-diesel-2009-en-madrid-62563542-covo.aspx,16,19562,2026-05-08
Seat,León 1.6 TDI EEcomotive Style,2013,289000,105,Diésel,Manual,B,Usado,6350.0,Madrid,https://www.coches.net/seat-leon-16-tdi-105cv-eecomotive-style-5p-diesel-2013-en-madrid-62563914-covo.aspx,13,22231,2026-05-08
Seat,León 1.2 TSI StSp Style,2015,112000,110,Gasolina,Manual,C,Usado,9970.0,Madrid,https://www.coches.net/seat-leon-12-tsi-110cv-stsp-style-5p-gasolina-2015-en-madrid-62567067-covo.aspx,11,10182,2026-05-08
Ford,Focus 1.0 Ecoboost AutoStartStop Sport,2016,187000,125,Gasolina,Manual,C,Usado,8470.0,Madrid,https://www.coches.net/ford-focus-10-ecoboost-autostartstop-125cv-sport-5p-gasolina-2015-en-madrid-62567146-covo.aspx,10,18700,2026-05-08
Audi,A3 1.6 TDI Sportback,2018,159000,116,Diésel,Manual,C,Usado,12970.0,Madrid,https://www.coches.net/audi-a3-16-tdi-85kw-116cv-sportback-5p-diesel-2018-en-madrid-62567199-covo.aspx,8,19875,2026-05-08
Jaguar,E-Pace 2.0P 4WD Auto,2019,147000,200,Gasolina,Manual,C,Usado,18900.0,Las Palmas,https://www.coches.net/jaguar-e-pace-20p-147kw-4wd-auto-5p-gasolina-2019-en-las-palmas-62567468-covo.aspx,7,21000,2026-05-08
Mercedes-Benz,Clase CLA CLA 220 d Urban Shooting Brake,2016,193500,177,Diésel,Manual,C,Usado,17999.0,Alicante,https://www.coches.net/mercedes-benz-clase-cla-cla-220-d-urban-shooting-brake-5p-diesel-2016-en-alicante-62570553-covo.aspx,10,19350,2026-05-08
Mercedes-Benz,GLA GLA 250 e con tecnologia hibrida EQ,2025,11500,218,Híbrido Enchufable,Manual,0_EMISIONES,Usado,45500.0,Gipuzkoa,https://www.coches.net/mercedes-benz-gla-gla-250-e-con-tecnologia-hibrida-eq-5p-electrico-hibrido-2025-en-guipuzcoa-62571891-covo.aspx,1,11500,2026-05-08
Volkswagen,Passat Executive 2.0 TDI DSG,2021,139000,150,Diésel,Automática,C,Usado,19990.0,Murcia,https://www.coches.net/volkswagen-passat-executive-20-tdi-110kw-150cv-dsg-4p-diesel-2021-en-murcia-62573779-covo.aspx,5,27800,2026-05-08
Seat,Ateca 1.4 EcoTSI DSG7 StSp Xcellence,2016,139000,150,Gasolina,Automática,C,Usado,17990.0,Murcia,https://www.coches.net/seat-ateca-14-ecotsi-150cv-dsg7-stsp-xcellence-5p-gasolina-2017-en-murcia-62573784-covo.aspx,10,13900,2026-05-08
Volvo,V90 2.0 B4 D Inscription Auto,2021,105000,197,Híbrido,Manual,ECO,Usado,26990.0,Murcia,https://www.coches.net/volvo-v90-20-b4-d-inscription-auto-5p-electrico-hibrido-2021-en-murcia-62573791-covo.aspx,5,21000,2026-05-08
Mercedes-Benz,Clase CLA CLA 200 d Shooting Brake,2019,164500,136,Diésel,Manual,C,Usado,21999.0,Alicante,https://www.coches.net/mercedes-benz-clase-cla-cla-200-d-shooting-brake-5p-diesel-2018-en-alicante-62574951-covo.aspx,7,23500,2026-05-08
Porsche,Cayenne Coupé EHybrid,2021,129500,462,Híbrido Enchufable,Manual,0_EMISIONES,Usado,69999.0,Alicante,https://www.coches.net/porsche-cayenne-coupe-ehybrid-5p-electrico-hibrido-2022-en-alicante-62575346-covo.aspx,5,25900,2026-05-08
Peugeot,3008 1.2 PURETECH ALLURE SS,2018,84000,130,Gasolina,Manual,C,Usado,13900.0,Barcelona,https://www.coches.net/peugeot-3008-12-puretech-96kw-130cv-allure-ss-5p-gasolina-2018-en-barcelona-62575679-covo.aspx,8,10500,2026-05-08
Mercedes-Benz,CLA CLA 250 e,2020,109000,218,Híbrido Enchufable,Manual,0_EMISIONES,Usado,26900.0,Alicante,https://www.coches.net/mercedes-benz-cla-cla-250-e-4p-electrico-hibrido-2021-en-alicante-62581550-covo.aspx,6,18167,2026-05-08
Mercedes-Benz,GLE GLE 450 4MATIC,2020,72000,367,Híbrido,Manual,ECO,Usado,58900.0,Barcelona,https://www.coches.net/mercedes-benz-gle-gle-450-4matic-5p-electrico-hibrido-2020-en-barcelona-62599789-covo.aspx,6,12000,2026-05-08
Bmw,X7 M60i xDrive,2025,42290,530,Híbrido,Manual,ECO,Usado,129000.0,Albacete,https://www.coches.net/bmw-x7-m60i-xdrive-5p-electrico-hibrido-2025-en-albacete-62602724-covo.aspx,1,42290,2026-05-08
Peugeot,208 ACTIVE 1.2L PureTech 82,2015,118000,82,Gasolina,Manual,C,Usado,6750.0,Madrid,https://www.coches.net/peugeot-208-5p-active-12l-puretech-82-5p-gasolina-2015-en-madrid-62624033-covo.aspx,11,10727,2026-05-08
Bmw,X5 3.0d,2006,263000,218,Diésel,Manual,B,Usado,7750.0,Madrid,https://www.coches.net/bmw-x5-30d-5p-diesel-2006-en-madrid-62624200-covo.aspx,20,13150,2026-05-08
Kia,Stonic 1.0 TGDi MHEV MT Style Edition,2025,12495,100,Híbrido,Manual,ECO,Usado,19990.0,Sevilla,https://www.coches.net/kia-stonic-10-tgdi-74kw-mhev-mt-style-edition-5p-electrico-hibrido-2025-en-sevilla-62625323-covo.aspx,1,12495,2026-05-08
Volvo,V60 2.0 D3 Momentum,2018,139000,150,Diésel,Manual,C,Usado,14900.0,Valencia,https://www.coches.net/volvo-v60-20-d3-momentum-5p-diesel-2019-en-valencia-62630240-covo.aspx,8,17375,2026-05-08
Fiat,500 Monotrim 1.0 Hybrid 70 CV,2023,85788,70,Híbrido,Manual,ECO,Usado,11390.0,A Coruña,https://www.coches.net/fiat-500-monotrim-10-hybrid-51kw-70-cv-3p-electrico-hibrido-2023-en-a-coruna-62639988-covo.aspx,3,28596,2026-05-08
Bmw,Serie 3 318d Auto.,2023,72000,150,Híbrido,Manual,ECO,Usado,32900.0,Pontevedra,https://www.coches.net/bmw-serie-3-318d-auto-4p-electrico-hibrido-2023-en-pontevedra-62640272-covo.aspx,3,24000,2026-05-08
Skoda,Octavia Combi 2.0 TDI DSG Style,2021,160000,150,Diésel,Automática,C,Usado,14900.0,Badajoz,https://www.coches.net/skoda-octavia-combi-20-tdi-110kw-150cv-dsg-style-5p-diesel-2022-en-badajoz-62640600-covo.aspx,5,32000,2026-05-08
Nissan,Micra 1.0G ACENTA,2017,63000,71,Gasolina,Manual,C,Usado,9990.0,Alicante,https://www.coches.net/nissan-micra-5p-10g-acenta-5p-gasolina-2017-en-alicante-62641993-covo.aspx,9,7000,2026-05-08
Ford,C-Max 1.5 TDCi Trend,2016,200844,120,Diésel,Manual,C,Usado,7949.0,Alicante,https://www.coches.net/ford-c-max-15-tdci-120cv-trend-5p-diesel-2016-en-alicante-62644929-covo.aspx,10,20084,2026-05-08
Mercedes-Benz,Clase A A 200 d,2022,61000,150,Diésel,Manual,C,Usado,31800.0,Alicante,https://www.coches.net/mercedes-benz-clase-a-a-200-d-5p-diesel-2022-en-alicante-62653289-covo.aspx,4,15250,2026-05-08
Hyundai,Kona 1.0 TGDI 48V Flexx,2024,35670,120,Híbrido,Manual,ECO,Usado,20990.0,Las Palmas,https://www.coches.net/hyundai-kona-10-tgdi-48v-flexx-5p-electrico-hibrido-2023-en-las-palmas-62653915-covo.aspx,2,17835,2026-05-08
Mercedes-Benz,Clase A A 180 d,2025,15000,116,Diésel,Manual,C,Usado,33900.0,Gipuzkoa,https://www.coches.net/mercedes-benz-clase-a-a-180-d-5p-diesel-2025-en-guipuzcoa-62666687-covo.aspx,1,15000,2026-05-08
Opel,Corsa 1.2T XHL Edition,2024,48700,100,Gasolina,Manual,C,Usado,13990.0,Las Palmas,https://www.coches.net/opel-corsa-12t-xhl-74kw-100cv-edition-5p-gasolina-2025-en-las-palmas-62670242-covo.aspx,2,24350,2026-05-08
Renault,Talisman S.T. Limited Blue dCi,2020,149000,150,Diésel,Manual,C,Usado,14990.0,Murcia,https://www.coches.net/renault-talisman-st-limited-blue-dci-110-kw-150cv-5p-diesel-2019-en-murcia-62670424-covo.aspx,6,24833,2026-05-08
Opel,Corsa 1.2T XHL Edition,2024,45300,100,Gasolina,Manual,C,Usado,13990.0,Las Palmas,https://www.coches.net/opel-corsa-12t-xhl-74kw-100cv-edition-5p-gasolina-2025-en-las-palmas-62670489-covo.aspx,2,22650,2026-05-08
Kia,Sportage 1.7 CRDi VGT Concept 4x2 EcoDynamics,2016,239000,115,Diésel,Manual,C,Usado,9470.0,Madrid,https://www.coches.net/kia-sportage-17-crdi-vgt-concept-4x2-ecodynamics-5p-diesel-2016-en-madrid-62671787-covo.aspx,10,23900,2026-05-08
Mini,CLUBMAN COOPER D,2019,102167,150,Diésel,Manual,C,Usado,15990.0,Bizkaia,https://www.coches.net/mini-clubman-cooper-d-5p-diesel-2019-en-vizcaya-70001926-covo.aspx,7,14595,2026-05-08
Toyota,Corolla 1.8 125H ACTIVE TECH ECVT TOU SPORT,2021,67000,122,Híbrido,Automática,ECO,Usado,19990.0,Las Palmas,https://www.coches.net/toyota-corolla-18-125h-active-tech-ecvt-tou-sport-5p-electrico-hibrido-2022-en-las-palmas-70004673-covo.aspx,5,13400,2026-05-08
Audi,Q3 Sport edition 2.0 TDI S tronic,2016,214000,150,Diésel,Automática,C,Usado,18000.0,A Coruña,https://www.coches.net/audi-q3-sport-edition-20-tdi-150cv-s-tronic-5p-diesel-2017-en-a-coruna-70006207-covo.aspx,10,21400,2026-05-08
Bmw,Serie 1 M135i,2023,1519,306,Gasolina,Manual,C,Usado,54900.0,Barcelona,https://www.coches.net/bmw-serie-1-m135i-5p-gasolina-2023-en-barcelona-70007227-covo.aspx,3,506,2026-05-08
Volkswagen,Beetle 2.0 TSI Sport,2012,161000,200,Gasolina,Manual,C,Usado,12990.0,Las Palmas,https://www.coches.net/volkswagen-beetle-20-tsi-200cv-sport-3p-gasolina-2013-en-las-palmas-70008068-covo.aspx,14,11500,2026-05-08
Honda,Civic 2.0 IVTEC TURBO TYPE R GT,2018,70000,320,Gasolina,Manual,C,Usado,39990.0,Valencia,https://www.coches.net/honda-civic-20-ivtec-turbo-type-r-gt-5p-gasolina-2018-en-valencia-70009809-covo.aspx,8,8750,2026-05-08
Toyota,Corolla 1.8 125H ACTIVE TECH ECVT TOU SPORT,2021,44000,122,Híbrido,Automática,ECO,Usado,21990.0,Las Palmas,https://www.coches.net/toyota-corolla-18-125h-active-tech-ecvt-tou-sport-5p-electrico-hibrido-2022-en-las-palmas-70016758-covo.aspx,5,8800,2026-05-08
Toyota,Corolla 1.8 125H BUSINESS ECVT TOU SPORT,2023,146000,122,Híbrido,Automática,ECO,Usado,18990.0,Las Palmas,https://www.coches.net/toyota-corolla-18-125h-business-ecvt-tou-sport-5p-electrico-hibrido-2022-en-las-palmas-70016784-covo.aspx,3,48667,2026-05-08
Toyota,Corolla 1.8 125H ACTIVE TECH ECVT TOU SPORT,2021,122000,122,Híbrido,Automática,ECO,Usado,18990.0,Las Palmas,https://www.coches.net/toyota-corolla-18-125h-active-tech-ecvt-tou-sport-5p-electrico-hibrido-2022-en-las-palmas-70016811-covo.aspx,5,24400,2026-05-08
Mercedes-Benz,GLE GLE 350 de 4MATIC Hibrido Enchufable,2022,72000,320,Híbrido Enchufable,Manual,0_EMISIONES,Usado,48990.0,Sta. C. Tenerife,https://www.coches.net/mercedes-benz-gle-gle-350-de-4matic-hibrido-enchufable-5p-electrico-hibrido-2022-en-sta-c-tenerife-70017050-covo.aspx,4,18000,2026-05-08
Volvo,XC60 2.0 B4 D AWD Momentum Pro Auto,2022,79000,197,Híbrido,Manual,ECO,Usado,34900.0,Valencia,https://www.coches.net/volvo-xc60-20-b4-d-awd-momentum-pro-auto-5p-electrico-hibrido-2022-en-valencia-70018163-covo.aspx,4,19750,2026-05-08
Lexus,RX 450h L Business,2020,94000,313,Híbrido,Manual,ECO,Usado,43900.0,Valencia,https://www.coches.net/lexus-rx-450h-l-business-5p-electrico-hibrido-2020-en-valencia-70018166-covo.aspx,6,15667,2026-05-08
Hyundai,i10 1.0 Klass,2022,76929,67,Gasolina,Manual,C,Usado,10990.0,Las Palmas,https://www.coches.net/hyundai-i10-10-klass-5p-gasolina-2021-en-las-palmas-70019840-covo.aspx,4,19232,2026-05-08
Hyundai,Bayon 1.2 MPI Maxx,2022,77432,84,Gasolina,Manual,C,Usado,13990.0,Las Palmas,https://www.coches.net/hyundai-bayon-12-mpi-maxx-5p-gasolina-2021-en-las-palmas-70019846-covo.aspx,4,19358,2026-05-08
Seat,Arona 1.0 TSI Style XL Edition,2023,75379,110,Gasolina,Manual,C,Usado,14990.0,Sta. C. Tenerife,https://www.coches.net/seat-arona-10-tsi-81kw-110cv-style-xl-edition-5p-gasolina-2023-en-sta-c-tenerife-70019865-covo.aspx,3,25126,2026-05-08
Seat,Arona 1.0 TSI Style XL Edition,2023,72248,110,Gasolina,Manual,C,Usado,14990.0,Sta. C. Tenerife,https://www.coches.net/seat-arona-10-tsi-81kw-110cv-style-xl-edition-5p-gasolina-2023-en-sta-c-tenerife-70019869-covo.aspx,3,24083,2026-05-08
Mitsubishi,Space Star 120 MPI Motion,2023,73297,71,Gasolina,Manual,C,Usado,10990.0,Sta. C. Tenerife,https://www.coches.net/mitsubishi-space-star-120-mpi-motion-5p-gasolina-2023-en-sta-c-tenerife-70019872-covo.aspx,3,24432,2026-05-08
Skoda,Kamiq 1.0 TSI DSG AMBITION,2023,50356,110,Gasolina,Automática,C,Usado,19900.0,Jaén,https://www.coches.net/skoda-kamiq-10-tsi-81kw-110cv-dsg-ambition-5p-gasolina-2023-en-jaen-70020463-covo.aspx,3,16785,2026-05-08
Volkswagen,Golf GTE 1.4 TSI DSG,2021,107000,245,Híbrido Enchufable,Automática,0_EMISIONES,Usado,24990.0,Las Palmas,https://www.coches.net/volkswagen-golf-gte-14-tsi-180kw-245cv-dsg-5p-electrico-hibrido-2022-en-las-palmas-70020566-covo.aspx,5,21400,2026-05-08
Mercedes-Benz,Clase GLA GLA 220 d 4MATIC,2019,90538,177,Diésel,Manual,C,Usado,24680.0,Alicante,https://www.coches.net/mercedes-benz-clase-gla-gla-220-d-4matic-5p-diesel-2018-en-alicante-70021107-covo.aspx,7,12934,2026-05-08
Audi,A7 Sportback 55 TFSI quattro S tronic,2018,183000,340,Gasolina,Automática,C,Usado,35900.0,Barcelona,https://www.coches.net/audi-a7-sportback-55-tfsi-250kw-quattro-s-tronic-5p-gasolina-2019-en-barcelona-70021437-covo.aspx,8,22875,2026-05-08
Porsche,Cayenne Coupé EHybrid,2020,110000,462,Híbrido Enchufable,Manual,0_EMISIONES,Usado,59790.0,Las Palmas,https://www.coches.net/porsche-cayenne-coupe-ehybrid-5p-electrico-hibrido-2021-en-las-palmas-70021465-covo.aspx,6,18333,2026-05-08
Renault,Trafic Equilibre Largo Ener Blue dCi,2023,2300,110,Diésel,Manual,C,Usado,39990.0,Las Palmas,https://www.coches.net/renault-trafic-equilibre-largo-ener-blue-dci-81kw-5p-diesel-2022-en-las-palmas-70021813-covo.aspx,3,767,2026-05-08
Land Rover,Defender 4.4 V8 635 Octa 110 Auto 4WD,2025,4000,635,Híbrido,Manual,ECO,Usado,197900.0,Madrid,https://www.coches.net/land-rover-defender-44-v8-635-octa-110-auto-4wd-5p-electrico-hibrido-2025-en-madrid-70024210-covo.aspx,1,4000,2026-05-08
Mercedes-Benz,Clase A A 180,2017,176500,122,Gasolina,Manual,C,Usado,19999.0,Alicante,https://www.coches.net/mercedes-benz-clase-a-a-180-5p-gasolina-2018-en-alicante-70025023-covo.aspx,9,19611,2026-05-08
Bmw,X6 xDrive30d,2021,92000,286,Híbrido,Manual,ECO,Usado,61900.0,Alicante,https://www.coches.net/bmw-x6-xdrive30d-5p-electrico-hibrido-2022-en-alicante-70025944-covo.aspx,5,18400,2026-05-08
Opel,Corsa 1.4 Excellence 90 CV,2016,67000,90,Gasolina,Manual,C,Usado,7970.0,Madrid,https://www.coches.net/opel-corsa-14-excellence-90-cv-5p-gasolina-2016-en-madrid-70027324-covo.aspx,10,6700,2026-05-08
Ford,Mondeo 1.5 TDCi Trend SportBreak,2017,216000,120,Diésel,Manual,C,Usado,8970.0,Madrid,https://www.coches.net/ford-mondeo-15-tdci-88kw-trend-sportbreak-5p-diesel-2017-en-madrid-70027363-covo.aspx,9,24000,2026-05-08
Volkswagen,Golf Life 2.0 TDI DSG,2022,90000,150,Diésel,Automática,C,Usado,25300.0,A Coruña,https://www.coches.net/volkswagen-golf-life-20-tdi-110kw-150cv-dsg-5p-diesel-2022-en-a-coruna-70042241-covo.aspx,4,22500,2026-05-08
Seat,Arona 1.0 TSI FR XM,2022,24200,110,Gasolina,Manual,C,Usado,18900.0,A Coruña,https://www.coches.net/seat-arona-10-tsi-81kw-110cv-fr-xm-5p-gasolina-2023-en-a-coruna-70042246-covo.aspx,4,6050,2026-05-08
Seat,Arona 1.0 TSI DSG FR XM,2024,17769,110,Gasolina,Automática,C,Usado,21700.0,A Coruña,https://www.coches.net/seat-arona-10-tsi-81kw-110cv-dsg-fr-xm-5p-gasolina-2024-en-a-coruna-70042253-covo.aspx,2,8884,2026-05-08
Volkswagen,T-Cross Advance 1.0 TSI,2021,57783,95,Gasolina,Manual,C,Usado,17500.0,A Coruña,https://www.coches.net/volkswagen-t-cross-advance-10-tsi-70kw-95cv-5p-gasolina-2021-en-a-coruna-70042255-covo.aspx,5,11557,2026-05-08
Volkswagen,T-Cross Sport 1.0 TSI DSG,2022,44000,110,Gasolina,Automática,C,Usado,22100.0,A Coruña,https://www.coches.net/volkswagen-t-cross-sport-10-tsi-81kw-110cv-dsg-5p-gasolina-2022-en-a-coruna-70042258-covo.aspx,4,11000,2026-05-08
Volkswagen,T-Roc Sport 1.5 TSI,2021,39000,150,Gasolina,Manual,C,Usado,24900.0,A Coruña,https://www.coches.net/volkswagen-t-roc-sport-15-tsi-110kw-150cv-5p-gasolina-2022-en-a-coruna-70042264-covo.aspx,5,7800,2026-05-08
Mazda,CX-5 eSky G MHEV 2.0 Advantage,2024,19000,165,Híbrido,Manual,ECO,Usado,33900.0,A Coruña,https://www.coches.net/mazda-cx-5-esky-g-mhev-20-121kw-advantage-5p-electrico-hibrido-2023-en-a-coruna-70042265-covo.aspx,2,9500,2026-05-08
Volkswagen,Golf Business 1.0 TSI,2020,75000,115,Gasolina,Manual,C,Usado,17900.0,A Coruña,https://www.coches.net/volkswagen-golf-business-10-tsi-85kw-115cv-5p-gasolina-2019-en-a-coruna-70042268-covo.aspx,6,12500,2026-05-08
Mazda,MX-30 eSKYACTIV REV EXCLUSIVELINE,2025,250,170,Híbrido Enchufable,Manual,0_EMISIONES,Usado,31900.0,A Coruña,https://www.coches.net/mazda-mx-30-eskyactiv-rev-125kw-exclusiveline-5p-electrico-hibrido-2022-en-a-coruna-70042686-covo.aspx,1,250,2026-05-08
Mazda,Mazda3 2.0 eSKYACTIVG EXCLUSIVELINE,2023,9500,122,Híbrido,Manual,ECO,Usado,27900.0,A Coruña,https://www.coches.net/mazda-mazda3-20-eskyactivg-90kw-exclusiveline-5p-electrico-hibrido-2024-en-a-coruna-70042688-covo.aspx,3,3167,2026-05-08
Mercedes-Benz,CLA CLA 200,2025,19000,163,Híbrido,Manual,ECO,Usado,38900.0,Alicante,https://www.coches.net/mercedes-benz-cla-cla-200-4p-electrico-hibrido-2025-en-alicante-70045200-covo.aspx,1,19000,2026-05-08
Nissan,Micra IGT 92 CV CVT NDesign Black,2021,98500,92,Gasolina,Automática,C,Usado,10250.0,Castellón,https://www.coches.net/nissan-micra-igt-68-kw-92-cv-cvt-ndesign-black-5p-gasolina-2021-en-castellon-70045685-covo.aspx,5,19700,2026-05-08
Bmw,X2 sDrive18i,2020,59201,140,Gasolina,Manual,C,Usado,24989.0,Alicante,https://www.coches.net/bmw-x2-sdrive18i-5p-gasolina-2020-en-alicante-70046156-covo.aspx,6,9867,2026-05-08
Audi,Q5 Black line 40 TDI quattro S tronic,2020,71575,190,Diésel,Automática,C,Usado,37300.0,A Coruña,https://www.coches.net/audi-q5-black-line-40-tdi-140kw-quattro-s-tronic-5p-diesel-2020-en-a-coruna-70047269-covo.aspx,6,11929,2026-05-08
Suzuki,S-Cross 1.4T S2 Mild Hybrid,2022,45600,129,Híbrido,Manual,ECO,Usado,25900.0,A Coruña,https://www.coches.net/suzuki-s-cross-14t-s2-mild-hybrid-5p-electrico-hibrido-2022-en-a-coruna-70047276-covo.aspx,4,11400,2026-05-08
Bmw,Serie 4 420i Cabrio,2023,82287,184,Gasolina,Manual,C,Usado,38790.0,Valencia,https://www.coches.net/bmw-serie-4-420i-cabrio-2p-gasolina-2023-en-valencia-70048842-covo.aspx,3,27429,2026-05-08
Toyota,Rav4 2.5l PLUGIN 300PH eCVT Style Plus,2021,115416,306,Híbrido Enchufable,Automática,0_EMISIONES,Usado,29990.0,Sta. C. Tenerife,https://www.coches.net/toyota-rav4-25l-plugin-300ph-ecvt-style-plus-5p-electrico-hibrido-2021-en-sta-c-tenerife-70049443-covo.aspx,5,23083,2026-05-08
Renault,Kangoo Combi Intens Edition One 1.5 Blue dCi 70kW95,2020,99600,95,Diésel,Manual,C,Usado,9990.0,Sta. C. Tenerife,https://www.coches.net/renault-kangoo-combi-intens-edition-one-15-blue-dci-70kw95-5p-diesel-2021-en-sta-c-tenerife-70049444-covo.aspx,6,16600,2026-05-08
Bmw,Serie 1 116d,2020,112676,116,Diésel,Manual,C,Usado,16990.0,Las Palmas,https://www.coches.net/bmw-serie-1-116d-5p-diesel-2020-en-las-palmas-70049465-covo.aspx,6,18779,2026-05-08
Opel,Corsa 1.5D DT Edition,2022,89000,102,Diésel,Manual,C,Usado,11300.0,Valencia,https://www.coches.net/opel-corsa-15d-dt-74kw-100cv-edition-5p-diesel-2022-en-valencia-70050201-covo.aspx,4,22250,2026-05-08
Honda,CR-V 2.0 iMMD PHEV 4X2 Advance Tech,2025,1,184,Híbrido Enchufable,Manual,0_EMISIONES,Usado,51900.0,Navarra,https://www.coches.net/honda-cr-v-20-immd-phev-4x2-advance-tech-5p-electrico-hibrido-2024-en-navarra-70050699-covo.aspx,1,1,2026-05-08
Volvo,V60 2.0 B4 D Plus Dark Auto,2023,59000,197,Híbrido,Manual,ECO,Usado,36900.0,Navarra,https://www.coches.net/volvo-v60-20-b4-d-plus-dark-auto-5p-electrico-hibrido-2024-en-navarra-70051527-covo.aspx,3,19667,2026-05-08
Renault,Captur techno Fast Track TCe GPF,2022,27420,140,Híbrido,Manual,ECO,Usado,18910.0,Sevilla,https://www.coches.net/renault-captur-techno-fast-track-tce-103-kw-140cv-gpf-5p-electrico-hibrido-2022-en-sevilla-70063953-covo.aspx,4,6855,2026-05-08
Ford,Kuga STLine 1.5 EcoBoost,2021,74600,150,Gasolina,Manual,C,Usado,17990.0,Las Palmas,https://www.coches.net/ford-kuga-stline-15-ecoboost-110kw-150cv-5p-gasolina-2021-en-las-palmas-70068158-covo.aspx,5,14920,2026-05-08
Citroen,C3 PureTech Feel,2022,78000,83,Gasolina,Manual,C,Usado,9990.0,Las Palmas,https://www.coches.net/citroen-c3-puretech-60kw-83cv-feel-5p-gasolina-2021-en-las-palmas-70068472-covo.aspx,4,19500,2026-05-08
Citroen,C3 BlueHDi SS ELLE,2019,150837,99,Diésel,Manual,C,Usado,8900.0,Badajoz,https://www.coches.net/citroen-c3-bluehdi-73kw-100cv-ss-elle-5p-diesel-2018-en-badajoz-70070371-covo.aspx,7,21548,2026-05-08
Land Rover,Range Rover Sport 3.0 I6 PHEV 460 PS AWD Auto Dynamic SE,2025,17812,460,Híbrido Enchufable,Manual,0_EMISIONES,Usado,104900.0,Madrid,https://www.coches.net/land-rover-range-rover-sport-30-i6-phev-460-ps-awd-auto-dynamic-se-5p-electrico-hibrido-2025-en-madrid-70070451-covo.aspx,1,17812,2026-05-08
Mini,MINI Cooper S,2008,205000,175,Gasolina,Manual,C,Usado,8900.0,Asturias,https://www.coches.net/mini-mini-cooper-s-3p-gasolina-2008-en-asturias-70071808-covo.aspx,18,11389,2026-05-08
Mazda,Mazda6 2.0 SKYACTIVEG Evolution Tech Aut,2022,85000,145,Gasolina,Manual,C,Usado,22699.0,Huesca,https://www.coches.net/mazda-mazda6-20-skyactiveg-107kw-evolution-tech-aut-4p-gasolina-2021-en-huesca-70073830-covo.aspx,4,21250,2026-05-08
Porsche,Panamera 3.0 TD Tiptronic,2012,439000,250,Diésel,Automática,B,Usado,18970.0,Madrid,https://www.coches.net/porsche-panamera-30-td-tiptronic-5p-diesel-2013-en-madrid-70075075-covo.aspx,14,31357,2026-05-08
Audi,A7 Sportback 3.0 Bi TDI quattro tip,2013,196000,313,Diésel,Manual,B,Usado,19470.0,Madrid,https://www.coches.net/audi-a7-sportback-30-bi-tdi-313cv-quattro-tip-5p-diesel-2014-en-madrid-70075127-covo.aspx,13,15077,2026-05-08
Mini,Paceman 1.6 Cooper S All4,2013,206000,184,Gasolina,Manual,C,Usado,12900.0,Asturias,https://www.coches.net/mini-paceman-16-cooper-s-all4-3p-gasolina-2013-en-asturias-70076428-covo.aspx,13,15846,2026-05-08
Volvo,XC60 2.0 T6 AWD Recharge Inscription Exp Auto,2023,49900,350,Híbrido Enchufable,Manual,0_EMISIONES,Usado,38900.0,Valencia,https://www.coches.net/volvo-xc60-20-t6-awd-recharge-inscription-exp-auto-5p-electrico-hibrido-2022-en-valencia-70076722-covo.aspx,3,16633,2026-05-08
Audi,A3 Sportback Black line 35 TFSI S tro,2022,69900,150,Híbrido,Manual,ECO,Usado,28900.0,Valencia,https://www.coches.net/audi-a3-sportback-black-line-35-tfsi-110kw-s-tro-5p-electrico-hibrido-2022-en-valencia-70077152-covo.aspx,4,17475,2026-05-08
Audi,A3 Sportback S line 40 TFSI e S tron,2021,59900,204,Híbrido Enchufable,Manual,0_EMISIONES,Usado,28490.0,Valencia,https://www.coches.net/audi-a3-sportback-s-line-40-tfsi-e-150kw-s-tron-5p-electrico-hibrido-2021-en-valencia-70077154-covo.aspx,5,11980,2026-05-08
Audi,A4 Avant S line 35 TDI S tronic,2021,84900,163,Híbrido,Automática,ECO,Usado,31900.0,Valencia,https://www.coches.net/audi-a4-avant-s-line-35-tdi-120kw-s-tronic-5p-electrico-hibrido-2021-en-valencia-70077155-covo.aspx,5,16980,2026-05-08
Bmw,Serie 2 M240iA xDrive,2022,64900,374,Gasolina,Manual,C,Usado,49900.0,Valencia,https://www.coches.net/bmw-serie-2-m240ia-xdrive-2p-gasolina-2022-en-valencia-70077333-covo.aspx,4,16225,2026-05-08
Bmw,Serie 3 320e,2021,114000,204,Híbrido Enchufable,Manual,0_EMISIONES,Usado,29900.0,Valencia,https://www.coches.net/bmw-serie-3-320e-4p-electrico-hibrido-2022-en-valencia-70077334-covo.aspx,5,22800,2026-05-08
Cupra,León 2.0 TSI 300 CV DSG,2022,47900,300,Gasolina,Automática,C,Usado,33900.0,Valencia,https://www.coches.net/cupra-leon-20-tsi-221kw-300-cv-dsg-5p-gasolina-2022-en-valencia-70077563-covo.aspx,4,11975,2026-05-08
Hyundai,Tucson 1.6 TGDI HEV Tecno Sky Auto,2021,49900,230,Híbrido,Manual,ECO,Usado,28490.0,Valencia,https://www.coches.net/hyundai-tucson-16-tgdi-169kw-hev-tecno-sky-auto-5p-electrico-hibrido-2021-en-valencia-70077572-covo.aspx,5,9980,2026-05-08
Kia,Niro 1.6 GDi HEV Concept,2022,44900,141,Híbrido,Manual,ECO,Usado,19490.0,Valencia,https://www.coches.net/kia-niro-16-gdi-hev-104kw-141cv-concept-5p-electrico-hibrido-2022-en-valencia-70077676-covo.aspx,4,11225,2026-05-08
Kia,Sportage 1.6 TGDi HEV Tech 4x2,2022,29900,230,Híbrido,Manual,ECO,Usado,28900.0,Valencia,https://www.coches.net/kia-sportage-16-tgdi-hev-171kw-230cv-tech-4x2-5p-electrico-hibrido-2022-en-valencia-70077697-covo.aspx,4,7475,2026-05-08
Mazda,CX-30 eSKYACTIVX 2.0 AT Zenith,2022,44900,186,Híbrido,Automática,ECO,Usado,25900.0,Valencia,https://www.coches.net/mazda-cx-30-eskyactivx-20-137kw-at-zenith-5p-electrico-hibrido-2021-en-valencia-70077797-covo.aspx,4,11225,2026-05-08
Bmw,X1 sDrive20d,2025,6900,163,Híbrido,Manual,ECO,Usado,45900.0,Albacete,https://www.coches.net/bmw-x1-sdrive20d-5p-electrico-hibrido-2026-en-albacete-70081803-covo.aspx,1,6900,2026-05-08
Toyota,Land Cruiser 2.8 D4D GX,2024,35000,204,Diésel,Manual,C,Usado,51999.0,Huesca,https://www.coches.net/toyota-land-cruiser-28-d4d-gx-5p-diesel-2022-en-huesca-70100704-covo.aspx,2,17500,2026-05-08
Bmw,Serie 2 216dA DCT Gran Coupe,2021,84504,116,Diésel,Automática,C,Usado,24500.0,Ciudad Real,https://www.coches.net/bmw-serie-2-216da-dct-gran-coupe-4p-diesel-2021-en-ciudad-real-70101641-covo.aspx,5,16901,2026-05-08
Porsche,718 Cayman GT4,2020,19636,420,Gasolina,Manual,C,Usado,118900.0,Murcia,https://www.coches.net/porsche-718-cayman-gt4-3p-gasolina-2020-en-murcia-70104948-covo.aspx,6,3273,2026-05-08
Kia,Sportage 1.6 TGDi HEV Tech 4x2,2025,4900,215,Híbrido,Manual,ECO,Usado,32490.0,Valencia,https://www.coches.net/kia-sportage-16-tgdi-hev-158kw-215cv-tech-4x2-5p-electrico-hibrido-2025-en-valencia-70105433-covo.aspx,1,4900,2026-05-08
Audi,A4 Avant Advanced 35 TDI S tronic,2021,119000,163,Híbrido,Automática,ECO,Usado,22500.0,Cádiz,https://www.coches.net/audi-a4-avant-advanced-35-tdi-120kw-s-tronic-5p-electrico-hibrido-2022-en-cadiz-70106199-covo.aspx,5,23800,2026-05-08
Bmw,X6 M Competition,2020,82000,625,Gasolina,Manual,C,Usado,94990.0,Málaga,https://www.coches.net/bmw-x6-m-competition-5p-gasolina-2021-en-malaga-70108958-covo.aspx,6,13667,2026-05-08
Ford,Tourneo Connect 2.0 Ecoblue Titanium,2023,29000,122,Diésel,Manual,C,Usado,26990.0,Málaga,https://www.coches.net/ford-tourneo-connect-20-ecoblue-90kw-titanium-5p-diesel-2023-en-malaga-70109344-covo.aspx,3,9667,2026-05-08
Bmw,X1 xDrive25e,2020,66000,220,Híbrido Enchufable,Manual,0_EMISIONES,Usado,21990.0,Las Palmas,https://www.coches.net/bmw-x1-xdrive25e-5p-electrico-hibrido-2020-en-las-palmas-70109639-covo.aspx,6,11000,2026-05-08
Volvo,XC40 1.5 T5 Recharge PHEV Plus Dark Auto,2022,95000,262,Híbrido Enchufable,Manual,0_EMISIONES,Usado,25990.0,Sta. C. Tenerife,https://www.coches.net/volvo-xc40-15-t5-recharge-phev-plus-dark-auto-5p-electrico-hibrido-2023-en-sta-c-tenerife-70109736-covo.aspx,4,23750,2026-05-08
Fiat,500 Dolcevita 1.0 Hybrid 70 CV,2023,72000,70,Híbrido,Manual,ECO,Usado,9990.0,Sta. C. Tenerife,https://www.coches.net/fiat-500-dolcevita-10-hybrid-51kw-70-cv-3p-electrico-hibrido-2022-en-sta-c-tenerife-70110388-covo.aspx,3,24000,2026-05-08
Ssangyong,Musso Sports D22DTR 4x4 Pro,2024,48000,202,Diésel,Manual,C,Usado,26990.0,Sta. C. Tenerife,https://www.coches.net/ssangyong-musso-sports-d22dtr-4x4-pro-4p-diesel-2023-en-sta-c-tenerife-70110391-covo.aspx,2,24000,2026-05-08
Audi,A1 25 TFSI Sportback,2022,70000,95,Gasolina,Manual,C,Usado,17990.0,Sta. C. Tenerife,https://www.coches.net/audi-a1-25-tfsi-70kw-95cv-sportback-5p-gasolina-2019-en-sta-c-tenerife-70110402-covo.aspx,4,17500,2026-05-08
Mercedes-Benz,Clase CLA CLA 180 OrangeArt Edition Shooting Brake,2015,143500,122,Gasolina,Manual,C,Usado,19999.0,Alicante,https://www.coches.net/mercedes-benz-clase-cla-cla-180-orangeart-edition-shooting-brake-5p-gasolina-2016-en-alicante-70110815-covo.aspx,11,13045,2026-05-08
Bmw,Serie 6 635d,2009,231430,286,Diésel,Manual,B,Usado,18500.0,A Coruña,https://www.coches.net/bmw-serie-6-635d-2p-diesel-2009-en-a-coruna-70111442-covo.aspx,17,13614,2026-05-08
Mercedes-Benz,Clase B B 180 d,2021,194682,116,Diésel,Manual,C,Usado,17650.0,Alicante,https://www.coches.net/mercedes-benz-clase-b-b-180-d-5p-diesel-2022-en-alicante-70112790-covo.aspx,5,38936,2026-05-08
Mercedes-Benz,Clase B B 200 d,2021,131536,150,Diésel,Manual,C,Usado,21990.0,Bizkaia,https://www.coches.net/mercedes-benz-clase-b-b-200-d-5p-diesel-2022-en-vizcaya-70113190-covo.aspx,5,26307,2026-05-08
Porsche,911 Carrera 4S,2019,69000,450,Gasolina,Manual,C,Usado,133900.0,Pontevedra,https://www.coches.net/porsche-911-carrera-4s-2p-gasolina-2020-en-pontevedra-70115121-covo.aspx,7,9857,2026-05-08
Peugeot,2008 Allure Pack Puretech 130 SS EAT8,2008,19960,130,Gasolina,Manual,C,Usado,17990.0,Valencia,https://www.coches.net/peugeot-2008-allure-pack-puretech-130-ss-eat8-5p-gasolina-2023-en-valencia-70115156-covo.aspx,18,1109,2026-05-08
Mazda,CX-5 eSky G MHEV 2.5 AT AWD Newground,2023,58300,194,Híbrido,Automática,ECO,Usado,30400.0,Asturias,https://www.coches.net/mazda-cx-5-esky-g-mhev-25-141kw-at-awd-newground-5p-electrico-hibrido-2023-en-asturias-70115471-covo.aspx,3,19433,2026-05-08
Seat,Arona 1.0 TSI DSG FR XL,2023,25969,110,Gasolina,Automática,C,Usado,19590.0,Valencia,https://www.coches.net/seat-arona-10-tsi-81kw-110cv-dsg-fr-xl-5p-gasolina-2023-en-valencia-70115738-covo.aspx,3,8656,2026-05-08
Peugeot,308 Active 1.6 BlueHDi 120,2015,207000,120,Diésel,Manual,C,Usado,7470.0,Madrid,https://www.coches.net/peugeot-308-5p-active-16-bluehdi-120-5p-diesel-2015-en-madrid-70116611-covo.aspx,11,18818,2026-05-08
Citroen,C4 Picasso BlueHDi Feel,2017,199000,120,Diésel,Manual,C,Usado,8750.0,Madrid,https://www.coches.net/citroen-c4-picasso-bluehdi-88kw-120cv-feel-5p-diesel-2016-en-madrid-70116885-covo.aspx,9,22111,2026-05-08
Mercedes-Benz,CLE CLE 220 d Cabrio,2024,28865,197,Híbrido,Manual,ECO,Usado,64900.0,Murcia,https://www.coches.net/mercedes-benz-cle-cle-220-d-cabrio-2p-electrico-hibrido-2025-en-murcia-70122849-covo.aspx,2,14432,2026-05-08
Porsche,Macan Macan,2019,107000,245,Gasolina,Manual,C,Usado,46900.0,Pontevedra,https://www.coches.net/porsche-macan-macan-5p-gasolina-2020-en-pontevedra-70124314-covo.aspx,7,15286,2026-05-08
Audi,A3 allstreet Genuine 40 TFSI e S tron,2026,100,204,Híbrido Enchufable,Manual,0_EMISIONES,Usado,43500.0,Gipuzkoa,https://www.coches.net/audi-a3-allstreet-genuine-40-tfsi-e-150kw-s-tron-5p-electrico-hibrido-2025-en-guipuzcoa-70124423-covo.aspx,0,100,2026-05-08
Audi,Q2 Advanced 30 TDI,2023,29325,116,Diésel,Manual,C,Usado,22490.0,Castellón,https://www.coches.net/audi-q2-advanced-30-tdi-85kw-116cv-5p-diesel-2024-en-castellon-70125713-covo.aspx,3,9775,2026-05-08
Citroen,C3 PureTech Feel,2022,88000,83,Gasolina,Manual,C,Usado,9990.0,Las Palmas,https://www.coches.net/citroen-c3-puretech-60kw-83cv-feel-5p-gasolina-2022-en-las-palmas-70126833-covo.aspx,4,22000,2026-05-08
Kia,Stonic 1.0 TGDi Concept,2022,72000,100,Gasolina,Manual,C,Usado,13990.0,Las Palmas,https://www.coches.net/kia-stonic-10-tgdi-74kw-100cv-concept-5p-gasolina-2020-en-las-palmas-70127019-covo.aspx,4,18000,2026-05-08
Volkswagen,T-Roc Cabrio Style 1.0 TSI,2022,74000,110,Gasolina,Manual,C,Usado,17990.0,Las Palmas,https://www.coches.net/volkswagen-t-roc-cabrio-style-10-tsi-81kw-110cv-2p-gasolina-2023-en-las-palmas-70127036-covo.aspx,4,18500,2026-05-08
Fiat,Panda Panda Hybrid 1.0,2023,70000,70,Híbrido,Manual,ECO,Usado,9990.0,Sta. C. Tenerife,https://www.coches.net/fiat-panda-panda-hybrid-10-51kw-70cv-5p-electrico-hibrido-2023-en-sta-c-tenerife-70128294-covo.aspx,3,23333,2026-05-08
Citroen,C-Elysée VTi Feel,2017,145000,115,Gasolina,Manual,C,Usado,6490.0,Sta. C. Tenerife,https://www.coches.net/citroen-c-elysee-vti-85kw-115cv-feel-4p-gasolina-2017-en-sta-c-tenerife-70128296-covo.aspx,9,16111,2026-05-08
Bmw,X3 xDrive20d xLine,2024,121000,190,Híbrido,Manual,ECO,Usado,39500.0,Albacete,https://www.coches.net/bmw-x3-xdrive20d-xline-5p-electrico-hibrido-2024-en-albacete-70128790-covo.aspx,2,60500,2026-05-08
Bmw,X2 sDrive20d,2025,16723,163,Híbrido,Manual,ECO,Usado,43400.0,Albacete,https://www.coches.net/bmw-x2-sdrive20d-5p-electrico-hibrido-2025-en-albacete-70128791-covo.aspx,1,16723,2026-05-08
Bmw,X3 20d xDrive,2025,21124,197,Híbrido,Manual,ECO,Usado,57500.0,Albacete,https://www.coches.net/bmw-x3-20d-xdrive-5p-electrico-hibrido-2024-en-albacete-70128797-covo.aspx,1,21124,2026-05-08
Bmw,X3 20d xDrive,2025,21124,197,Híbrido,Manual,ECO,Usado,57500.0,Ciudad Real,https://www.coches.net/bmw-x3-20d-xdrive-5p-electrico-hibrido-2024-en-ciudad-real-70128971-covo.aspx,1,21124,2026-05-08
Mercedes-Benz,Clase CLA CLA 250 Aut. OrangeArt Edition,2015,214500,211,Gasolina,Manual,C,Usado,19999.0,Alicante,https://www.coches.net/mercedes-benz-clase-cla-cla-250-aut-orangeart-edition-4p-gasolina-2015-en-alicante-70129084-covo.aspx,11,19500,2026-05-08
Hyundai,i30 1.0 TGDI 48V Klass,2021,91701,120,Híbrido,Manual,ECO,Usado,13490.0,Castellón,https://www.coches.net/hyundai-i30-10-tgdi-48v-klass-5p-electrico-hibrido-2020-en-castellon-70129227-covo.aspx,5,18340,2026-05-08
Porsche,Cayenne Coupé EHybrid,2021,104500,462,Híbrido Enchufable,Manual,0_EMISIONES,Usado,69999.0,Alicante,https://www.coches.net/porsche-cayenne-coupe-ehybrid-5p-electrico-hibrido-2022-en-alicante-70129959-covo.aspx,5,20900,2026-05-08
Kia,Stonic 1.0 TGDi Concept,2022,72000,100,Gasolina,Manual,C,Usado,13990.0,Sta. C. Tenerife,https://www.coches.net/kia-stonic-10-tgdi-74kw-100cv-concept-5p-gasolina-2020-en-sta-c-tenerife-70132186-covo.aspx,4,18000,2026-05-08
Fiat,Panda Panda Hybrid 1.0,2023,70000,70,Híbrido,Manual,ECO,Usado,9990.0,Las Palmas,https://www.coches.net/fiat-panda-panda-hybrid-10-51kw-70cv-5p-electrico-hibrido-2023-en-las-palmas-70132673-covo.aspx,3,23333,2026-05-08
Nissan,LEAF 40kWh Tekna,2019,90000,150,Eléctrico,Automática,Sin etiqueta,Usado,13900.0,Barcelona,https://www.coches.net/nissan-leaf-40kwh-tekna-5p-electrico-hibrido-2019-en-barcelona-70132704-covo.aspx,7,12857,2026-05-08
Audi,A6 2.0 TDI multitronic,2011,259000,177,Diésel,Manual,B,Usado,10970.0,Madrid,https://www.coches.net/audi-a6-20-tdi-177cv-multitronic-4p-diesel-2012-en-madrid-70134567-covo.aspx,15,17267,2026-05-08
Seat,Ibiza 1.2 TSI Reference,2013,164000,85,Gasolina,Manual,C,Usado,7970.0,Madrid,https://www.coches.net/seat-ibiza-12-tsi-85cv-reference-5p-gasolina-2014-en-madrid-70134795-covo.aspx,13,12615,2026-05-08
Seat,Ibiza 1.0 EcoTSI Style,2018,126152,95,Gasolina,Manual,C,Usado,10490.0,Sta. C. Tenerife,https://www.coches.net/seat-ibiza-10-ecotsi-70kw-95cv-style-5p-gasolina-2018-en-sta-c-tenerife-70135949-covo.aspx,8,15769,2026-05-08
Fiat,500 Dolcevita 1.0 Hybrid 70 CV,2023,73500,70,Híbrido,Manual,ECO,Usado,9990.0,Sta. C. Tenerife,https://www.coches.net/fiat-500-dolcevita-10-hybrid-51kw-70-cv-3p-electrico-hibrido-2023-en-sta-c-tenerife-70154377-covo.aspx,3,24500,2026-05-08
Citroen,C-Elysée VTi Feel,2017,145000,115,Gasolina,Manual,C,Usado,6490.0,Las Palmas,https://www.coches.net/citroen-c-elysee-vti-85kw-115cv-feel-4p-gasolina-2017-en-las-palmas-70154559-covo.aspx,9,16111,2026-05-08
Fiat,500 Dolcevita 1.0 Hybrid 70 CV,2023,73500,70,Híbrido,Manual,ECO,Usado,9990.0,Las Palmas,https://www.coches.net/fiat-500-dolcevita-10-hybrid-51kw-70-cv-3p-electrico-hibrido-2023-en-las-palmas-70154584-covo.aspx,3,24500,2026-05-08
Mini,MINI One 75 CV,2014,113000,75,Gasolina,Manual,C,Usado,8990.0,Alicante,https://www.coches.net/mini-mini-one-75-cv-3p-gasolina-2013-en-alicante-70154807-covo.aspx,12,9417,2026-05-08
Mini,COUNTRYMAN JOHN COOPER WORKS COUNTRYMAN ALL4,2012,121000,218,Gasolina,Manual,C,Usado,15890.0,Alicante,https://www.coches.net/mini-countryman-john-cooper-works-countryman-all4-5p-gasolina-2015-en-alicante-70154808-covo.aspx,14,8643,2026-05-08
Renault,Kangoo Combi Intens Edition One 1.5 Blue dCi 70kW95,2021,57000,95,Diésel,Manual,C,Usado,19500.0,Sta. C. Tenerife,https://www.coches.net/renault-kangoo-combi-intens-edition-one-15-blue-dci-70kw95-5p-diesel-2021-en-sta-c-tenerife-70156232-covo.aspx,5,11400,2026-05-08
Kia,e-Niro eNiro Emotion Long Range,2021,42293,204,Eléctrico,Automática,Sin etiqueta,Usado,22850.0,Alicante,https://www.coches.net/kia-e-niro-eniro-150kw-emotion-long-range-5p-electrico-hibrido-2022-en-alicante-70157745-covo.aspx,5,8459,2026-05-08
Porsche,Cayenne S,2018,154754,440,Gasolina,Manual,C,Usado,48900.0,Alicante,https://www.coches.net/porsche-cayenne-s-5p-gasolina-2019-en-alicante-70157746-covo.aspx,8,19344,2026-05-08
Mercedes-Benz,Clase C C 220 d Estate,2019,88399,194,Diésel,Manual,C,Usado,27900.0,Alicante,https://www.coches.net/mercedes-benz-clase-c-c-220-d-estate-5p-diesel-2018-en-alicante-70157751-covo.aspx,7,12628,2026-05-08
Hyundai,Kona 1.6 GDI HEV Tecno 2C DCT,2022,58061,141,Híbrido,Automática,ECO,Usado,19900.0,Valencia,https://www.coches.net/hyundai-kona-16-gdi-hev-tecno-2c-dct-5p-electrico-hibrido-2020-en-valencia-70160102-covo.aspx,4,14515,2026-05-08
Volkswagen,Multivan 1.5 eHybrid DSG 4M B.Corta,2025,18752,245,Híbrido Enchufable,Automática,0_EMISIONES,Usado,49900.0,Gipuzkoa,https://www.coches.net/volkswagen-multivan-15-ehybrid-130-kw-dsg-4m-bcorta-5p-electrico-hibrido-2025-en-guipuzcoa-70160300-covo.aspx,1,18752,2026-05-08
Audi,Q7 Black line plus 60 TFSIe quat tip,2023,52000,462,Híbrido Enchufable,Manual,0_EMISIONES,Usado,69999.0,Huesca,https://www.coches.net/audi-q7-black-line-plus-60-tfsie-340kw-quat-tip-5p-electrico-hibrido-2023-en-huesca-70160379-covo.aspx,3,17333,2026-05-08
Bmw,Serie 3 318d Auto.,2025,22245,150,Híbrido,Manual,ECO,Usado,41100.0,Cuenca,https://www.coches.net/bmw-serie-3-318d-auto-4p-electrico-hibrido-2025-en-cuenca-70160615-covo.aspx,1,22245,2026-05-08
Bmw,Serie 1 120,2025,24000,170,Híbrido,Manual,ECO,Usado,31898.0,Alicante,https://www.coches.net/bmw-serie-1-120-5p-electrico-hibrido-2025-en-alicante-70163210-covo.aspx,1,24000,2026-05-08
Bmw,Serie 3 318d,2019,154316,150,Diésel,Manual,C,Usado,19650.0,Alicante,https://www.coches.net/bmw-serie-3-318d-4p-diesel-2019-en-alicante-70163235-covo.aspx,7,22045,2026-05-08
Mercedes-Benz,Mercedes-AMG GT MercedesAMG GT 63 S E Performan 4MATIC,2022,48500,843,Híbrido Enchufable,Manual,0_EMISIONES,Usado,144999.0,Alicante,https://www.coches.net/mercedes-benz-mercedes-amg-gt-mercedesamg-gt-63-s-e-performan-4matic-5p-electrico-hibrido-2022-en-alicante-70163496-covo.aspx,4,12125,2026-05-08
Bmw,Serie 3 330e,2019,74500,292,Híbrido Enchufable,Manual,0_EMISIONES,Usado,32999.0,Alicante,https://www.coches.net/bmw-serie-3-330e-4p-electrico-hibrido-2020-en-alicante-70163929-covo.aspx,7,10643,2026-05-08
Citroen,C4 Hybrid 145 eDCS6 Plus,2025,6650,145,Híbrido,Manual,ECO,Usado,20900.0,Asturias,https://www.coches.net/citroen-c4-hybrid-145-edcs6-plus-5p-electrico-hibrido-2025-en-asturias-70164509-covo.aspx,1,6650,2026-05-08
Fiat,500 Dolcevita 1.0 Hybrid 70 CV,2023,78000,70,Híbrido,Manual,ECO,Usado,9990.0,Sta. C. Tenerife,https://www.coches.net/fiat-500-dolcevita-10-hybrid-51kw-70-cv-3p-electrico-hibrido-2022-en-sta-c-tenerife-70164518-covo.aspx,3,26000,2026-05-08
Ford,Tourneo Courier 1.0 Ecoboost Trend,2024,20000,125,Gasolina,Manual,C,Usado,22990.0,Sta. C. Tenerife,https://www.coches.net/ford-tourneo-courier-10-ecoboost-92kw-125cv-trend-5p-gasolina-2024-en-sta-c-tenerife-70164716-covo.aspx,2,10000,2026-05-08
Mercedes-Benz,GLC Coupé GLC 250 d 4MATIC,2018,127701,204,Diésel,Manual,C,Usado,35990.0,Alicante,https://www.coches.net/mercedes-benz-glc-coupe-glc-250-d-4matic-5p-diesel-2019-en-alicante-70164942-covo.aspx,8,15963,2026-05-08
Citroen,C4 Hybrid 145 eDCS6 Max,2025,1,145,Híbrido,Manual,ECO,Usado,24900.0,Asturias,https://www.coches.net/km-0/citroen/c4/asturias/hybrid-145-edcs6-max-electrico-hibrido-de-km0-70165266-kovn.aspx,1,1,2026-05-08
Volkswagen,T-Roc Edition 1.0 TSI,2022,84000,110,Gasolina,Manual,C,Usado,15990.0,Las Palmas,https://www.coches.net/volkswagen-t-roc-edition-10-tsi-81kw-110cv-5p-gasolina-2022-en-las-palmas-70170054-covo.aspx,4,21000,2026-05-08
Audi,Q7 Design 3.0 TDI ultra quattro tiptronic,2017,213000,218,Diésel,Automática,C,Usado,25970.0,Madrid,https://www.coches.net/audi-q7-design-30-tdi-ultra-quattro-tiptronic-5p-diesel-2018-en-madrid-70170353-covo.aspx,9,23667,2026-05-08
Volkswagen,Passat Variant Sport 2.0 TDI BMT DSG,2015,229000,150,Diésel,Automática,C,Usado,12990.0,Barcelona,https://www.coches.net/volkswagen-passat-variant-sport-20-tdi-150cv-bmt-dsg-5p-diesel-2016-en-barcelona-70172634-covo.aspx,11,20818,2026-05-08
Opel,Mokka X 1.4 T 4X2 Selective Auto,2019,67500,140,Gasolina,Manual,C,Usado,13990.0,Sta. C. Tenerife,https://www.coches.net/opel-mokka-x-14-t-103kw-4x2-selective-auto-5p-gasolina-2019-en-sta-c-tenerife-70172895-covo.aspx,7,9643,2026-05-08
Volvo,XC40 2.0 T4 RDesign Auto,2019,21900,190,Gasolina,Manual,C,Usado,29450.0,Navarra,https://www.coches.net/volvo-xc40-20-t4-rdesign-auto-5p-gasolina-2019-en-navarra-70173606-covo.aspx,7,3129,2026-05-08
Seat,León ST 2.0 TDI DSG6 StSp Style,2014,80000,150,Diésel,Automática,B,Usado,12990.0,Alicante,https://www.coches.net/seat-leon-st-20-tdi-150cv-dsg6-stsp-style-5p-diesel-2015-en-alicante-70175787-covo.aspx,12,6667,2026-05-08
Honda,HR-V 1.5 iMMD Advance 4x2,2025,8500,131,Híbrido,Manual,ECO,Usado,31900.0,Navarra,https://www.coches.net/honda-hr-v-15-immd-advance-4x2-5p-electrico-hibrido-2025-en-navarra-70176453-covo.aspx,1,8500,2026-05-08
Bmw,Serie 1 118d Business Auto.,2024,14592,150,Diésel,Manual,C,Usado,28000.0,Cuenca,https://www.coches.net/bmw-serie-1-118d-business-auto-5p-diesel-2024-en-cuenca-70176713-covo.aspx,2,7296,2026-05-08
Bmw,X2 sDrive20i,2025,6461,170,Híbrido,Manual,ECO,Usado,41900.0,Sta. C. Tenerife,https://www.coches.net/bmw-x2-sdrive20i-5p-electrico-hibrido-2026-en-sta-c-tenerife-70177486-covo.aspx,1,6461,2026-05-08
Bmw,Serie 3 320d Auto.,2025,22198,190,Híbrido,Manual,ECO,Usado,45900.0,Albacete,https://www.coches.net/bmw-serie-3-320d-auto-4p-electrico-hibrido-2025-en-albacete-70178005-covo.aspx,1,22198,2026-05-08
Kia,Stonic 1.0 TGDi MHEV MT Concept,2025,12021,100,Híbrido,Manual,ECO,Usado,18450.0,Sevilla,https://www.coches.net/kia-stonic-10-tgdi-74kw-100cv-mhev-mt-concept-5p-electrico-hibrido-2025-en-sevilla-70178011-covo.aspx,1,12021,2026-05-08
Bmw,Serie 2 220d Gran Coupe,2025,14367,163,Híbrido,Manual,ECO,Usado,36500.0,Ciudad Real,https://www.coches.net/bmw-serie-2-220d-gran-coupe-4p-electrico-hibrido-2025-en-ciudad-real-70178016-covo.aspx,1,14367,2026-05-08
Kia,XCeed 1.0 TGDi Drive,2024,42185,100,Gasolina,Manual,C,Usado,17900.0,Valencia,https://www.coches.net/kia-xceed-10-tgdi-drive-74kw-100cv-5p-gasolina-2025-en-valencia-70179254-covo.aspx,2,21092,2026-05-08
Nissan,QASHQAI DIGT mHEV 4x2 Acenta,2025,34900,140,Híbrido,Manual,ECO,Usado,24490.0,Valencia,https://www.coches.net/nissan-qashqai-digt-103kw-140cv-mhev-4x2-acenta-5p-electrico-hibrido-2024-en-valencia-70181733-covo.aspx,1,34900,2026-05-08
Bmw,Serie 1 116d,2022,30223,116,Diésel,Manual,C,Usado,19990.0,Alicante,https://www.coches.net/bmw-serie-1-116d-5p-diesel-2023-en-alicante-70181892-covo.aspx,4,7556,2026-05-08
Bmw,X2 sDrive18d,2025,13002,150,Diésel,Manual,C,Usado,41900.0,Ciudad Real,https://www.coches.net/bmw-x2-sdrive18d-5p-diesel-2025-en-ciudad-real-70182278-covo.aspx,1,13002,2026-05-08
Volvo,C30 2.0 D3 Momentum,2010,201000,150,Diésel,Manual,B,Usado,7900.0,Asturias,https://www.coches.net/volvo-c30-20-d3-momentum-3p-diesel-2011-en-asturias-70182425-covo.aspx,16,12562,2026-05-08
Audi,A1 Sportback Adrenalin 30 TFSI S tron,2023,55377,110,Gasolina,Manual,C,Usado,21990.0,Valencia,https://www.coches.net/audi-a1-sportback-adrenalin-30-tfsi-81kw-s-tron-5p-gasolina-2023-en-valencia-70185187-covo.aspx,3,18459,2026-05-08
Seat,León 1.6 TDI Reference,2018,134000,90,Diésel,Manual,C,Usado,13800.0,Murcia,https://www.coches.net/seat-leon-16-tdi-66kw-90cv-reference-5p-diesel-2018-en-murcia-70186311-covo.aspx,8,16750,2026-05-08
Audi,A3 Design 35 TDI S tronic Sedan,2019,150000,150,Diésel,Automática,C,Usado,21500.0,Granada,https://www.coches.net/audi-a3-design-35-tdi-110kw-s-tronic-sedan-4p-diesel-2019-en-granada-70186614-covo.aspx,7,21429,2026-05-08
Bmw,X4 xDrive20d,2020,165079,190,Diésel,Manual,C,Usado,32940.0,Alicante,https://www.coches.net/bmw-x4-xdrive20d-5p-diesel-2020-en-alicante-70187014-covo.aspx,6,27513,2026-05-08
Mercedes-Benz,Clase A A 180 d,2021,140000,116,Diésel,Manual,C,Usado,22500.0,Granada,https://www.coches.net/mercedes-benz-clase-a-a-180-d-5p-diesel-2022-en-granada-70187318-covo.aspx,5,28000,2026-05-08
Audi,A5 Avant ehybrid quattro Black Line,2025,7000,367,Híbrido Enchufable,Manual,0_EMISIONES,Usado,63900.0,Valencia,https://www.coches.net/audi-a5-avant-ehybrid-quattro-270kw-black-line-5p-electrico-hibrido-2025-en-valencia-70192848-covo.aspx,1,7000,2026-05-08
Ford,Kuga STLine 2.0 EcoBlue Auto,2024,99300,120,Diésel,Manual,C,Usado,20490.0,Valencia,https://www.coches.net/ford-kuga-stline-20-ecoblue-88kw-120cv-auto-5p-diesel-2023-en-valencia-70192875-covo.aspx,2,49650,2026-05-08
Bmw,X3 sDrive18d,2020,99900,150,Diésel,Manual,C,Usado,27490.0,Valencia,https://www.coches.net/bmw-x3-sdrive18d-5p-diesel-2020-en-valencia-70192876-covo.aspx,6,16650,2026-05-08
Bmw,Serie 1 118d,2023,99900,150,Diésel,Manual,C,Usado,26900.0,Valencia,https://www.coches.net/bmw-serie-1-118d-5p-diesel-2023-en-valencia-70192880-covo.aspx,3,33300,2026-05-08
Opel,Insignia 1.6CDTI SS eco Excellence,2016,83000,136,Diésel,Manual,C,Usado,10900.0,Zamora,https://www.coches.net/opel-insignia-16cdti-ss-eco-100kw-136cv-excellence-5p-diesel-2017-en-zamora-70193409-covo.aspx,10,8300,2026-05-08
Land Rover,Discovery Sport 2.0L TD4 4x4 SE 7plz,2015,198000,150,Diésel,Manual,C,Usado,14900.0,Asturias,https://www.coches.net/land-rover-discovery-sport-20l-td4-150cv-4x4-se-7plz-5p-diesel-2016-en-asturias-70194063-covo.aspx,11,18000,2026-05-08
Audi,SQ5 3.0 TDI quattro tiptro Competition,2016,163000,326,Diésel,Manual,C,Usado,20999.0,Murcia,https://www.coches.net/audi-sq5-30-tdi-326cv-quattro-tiptro-competition-5p-diesel-2016-en-murcia-70198060-covo.aspx,10,16300,2026-05-08
Hyundai,Bayon 1.2 MPI Maxx,2022,39204,84,Gasolina,Manual,C,Usado,13990.0,Sevilla,https://www.coches.net/hyundai-bayon-12-mpi-maxx-5p-gasolina-2021-en-sevilla-70201896-covo.aspx,4,9801,2026-05-08
Mini,COUNTRYMAN Cooper S E ALL4,2021,40753,220,Híbrido Enchufable,Manual,0_EMISIONES,Usado,25500.0,Sta. C. Tenerife,https://www.coches.net/mini-countryman-cooper-s-e-all4-5p-electrico-hibrido-2021-en-sta-c-tenerife-70201945-covo.aspx,5,8151,2026-05-08
Volkswagen,Touareg Premium 3.0 TDI Tip 4Mot,2019,117000,231,Diésel,Manual,C,Usado,38490.0,Barcelona,https://www.coches.net/volkswagen-touareg-premium-30-tdi-170kw-231cv-tip-4mot-5p-diesel-2020-en-barcelona-70204183-covo.aspx,7,16714,2026-05-08
Land Rover,Range Rover Evoque 2.0 D163 S AUTO 4WD MHEV,2021,7000,163,Híbrido,Manual,ECO,Usado,30990.0,Barcelona,https://www.coches.net/land-rover-range-rover-evoque-20-d163-s-auto-4wd-mhev-5p-electrico-hibrido-2023-en-barcelona-70204323-covo.aspx,5,1400,2026-05-08
Audi,A3 S3 Sportback TFSI quattro S tronic,2018,95722,300,Gasolina,Automática,C,Usado,36990.0,Madrid,https://www.coches.net/audi-a3-s3-sportback-tfsi-221kw-quattro-s-tronic-5p-gasolina-2019-en-madrid-70205145-covo.aspx,8,11965,2026-05-08
Mitsubishi,ASX 160 HEV Kaiteki,2025,8545,143,Híbrido,Manual,ECO,Usado,26690.0,Sevilla,https://www.coches.net/mitsubishi-asx-160-hev-kaiteki-5p-electrico-hibrido-2025-en-sevilla-70205182-covo.aspx,1,8545,2026-05-08
Toyota,Yaris 1.5 120H Active Tech,2021,47500,116,Híbrido,Manual,ECO,Usado,15990.0,Las Palmas,https://www.coches.net/toyota-yaris-15-120h-active-tech-5p-electrico-hibrido-2020-en-las-palmas-70207667-covo.aspx,5,9500,2026-05-08
Mercedes-Benz,Clase C C 220 d Estate,2021,138825,200,Híbrido,Manual,ECO,Usado,33450.0,Alicante,https://www.coches.net/mercedes-benz-clase-c-c-220-d-estate-5p-electrico-hibrido-2021-en-alicante-70208047-covo.aspx,5,27765,2026-05-08
Porsche,Cayenne Coupé EHybrid Black Edition,2026,50,470,Híbrido Enchufable,Manual,0_EMISIONES,Usado,141990.0,Alicante,https://www.coches.net/km-0/porsche/cayenne-coupe/alicante/ehybrid-black-edition-electrico-hibrido-de-km0-70209042-kovn.aspx,0,50,2026-05-08
Peugeot,3008 1.6BLUEHDI ALLURE AUTO SS,2017,179000,120,Diésel,Manual,C,Usado,12470.0,Madrid,https://www.coches.net/peugeot-3008-16bluehdi-88kw-120cv-allure-auto-ss-5p-diesel-2017-en-madrid-70209110-covo.aspx,9,19889,2026-05-08
Bmw,Serie 4 420d Gran Coupe,2021,69268,190,Híbrido,Manual,ECO,Usado,38950.0,Alicante,https://www.coches.net/bmw-serie-4-420d-gran-coupe-5p-electrico-hibrido-2022-en-alicante-70209185-covo.aspx,5,13854,2026-05-08
Bmw,X1 sDrive16d,2020,114418,116,Diésel,Manual,C,Usado,19990.0,Alicante,https://www.coches.net/bmw-x1-sdrive16d-5p-diesel-2020-en-alicante-70209188-covo.aspx,6,19070,2026-05-08
Kia,Stonic 1.0 TGDi MHEV MT Concept,2025,9038,100,Híbrido,Manual,ECO,Usado,18450.0,Sevilla,https://www.coches.net/kia-stonic-10-tgdi-74kw-100cv-mhev-mt-concept-5p-electrico-hibrido-2025-en-sevilla-70210408-covo.aspx,1,9038,2026-05-08
Seat,León ST 1.5 EcoTSI DSG SS FR Fas Ed Pl,2019,73000,150,Gasolina,Automática,C,Usado,16790.0,Barcelona,https://www.coches.net/seat-leon-st-15-ecotsi-110kw-dsg-ss-fr-fas-ed-pl-5p-gasolina-2020-en-barcelona-70212199-covo.aspx,7,10429,2026-05-08
Audi,A4 Avant S line 40 TDI S tronic,2020,121132,190,Diésel,Automática,C,Usado,28500.0,A Coruña,https://www.coches.net/audi-a4-avant-s-line-40-tdi-140kw-s-tronic-5p-diesel-2021-en-a-coruna-70212364-covo.aspx,6,20189,2026-05-08
Renault,Mégane Intens ETECH Hibrido Ench. 117kW160CV,2022,68000,160,Híbrido Enchufable,Manual,0_EMISIONES,Usado,15990.0,Sta. C. Tenerife,https://www.coches.net/renault-megane-intens-etech-hibrido-ench-117kw160cv-5p-electrico-hibrido-2021-en-sta-c-tenerife-70215790-covo.aspx,4,17000,2026-05-08
Honda,ZR-V 2.0 iMMD 4x2 Elegance CVT,2025,19000,184,Híbrido,Automática,ECO,Usado,34900.0,Navarra,https://www.coches.net/honda-zr-v-20-immd-4x2-elegance-cvt-5p-electrico-hibrido-2024-en-navarra-70216739-covo.aspx,1,19000,2026-05-08
Volkswagen,Multivan 1.5 eHybrid DSG 4M B.Corta,2025,2560,245,Híbrido Enchufable,Automática,0_EMISIONES,Usado,54900.0,Gipuzkoa,https://www.coches.net/volkswagen-multivan-15-ehybrid-130-kw-dsg-4m-bcorta-5p-electrico-hibrido-2026-en-guipuzcoa-70219701-covo.aspx,1,2560,2026-05-08
Volkswagen,Multivan Life 2.0 TDI DSG B.Corta,2025,24020,150,Diésel,Automática,C,Usado,51500.0,Gipuzkoa,https://www.coches.net/volkswagen-multivan-life-20-tdi-110kw-150cv-dsg-bcorta-5p-diesel-2025-en-guipuzcoa-70220727-covo.aspx,1,24020,2026-05-08
Suzuki,Swift 1.2 S2 Mild Hybrid,2025,3500,83,Híbrido,Manual,ECO,Usado,19500.0,A Coruña,https://www.coches.net/suzuki-swift-12-s2-mild-hybrid-5p-electrico-hibrido-2024-en-a-coruna-70221169-covo.aspx,1,3500,2026-05-08
Audi,Q3 Sportback S line 35 TDI S tronic,2023,33099,150,Diésel,Automática,C,Usado,37900.0,A Coruña,https://www.coches.net/audi-q3-sportback-s-line-35-tdi-110kw-150cv-s-tronic-5p-diesel-2024-en-a-coruna-70221174-covo.aspx,3,11033,2026-05-08
Mercedes-Benz,Clase R R 320 CDI 4MATIC L,2006,319000,224,Diésel,Manual,B,Usado,6750.0,Madrid,https://www.coches.net/mercedes-benz-clase-r-r-320-cdi-4matic-l-5p-diesel-2006-en-madrid-70221259-covo.aspx,20,15950,2026-05-08
Mercedes-Benz,EQB EQB 250,2025,15,190,Eléctrico,Automática,Sin etiqueta,Usado,44900.0,Gipuzkoa,https://www.coches.net/km-0/mercedes-benz/eqb/guipuzcoa/eqb-250-electrico-hibrido-de-km0-70221729-kovn.aspx,1,15,2026-05-08
Volvo,XC60 2.0 B4 D RDesign Auto,2021,82000,197,Híbrido,Manual,ECO,Usado,37650.0,Navarra,https://www.coches.net/volvo-xc60-20-b4-d-rdesign-auto-5p-electrico-hibrido-2021-en-navarra-70222314-covo.aspx,5,16400,2026-05-08
Volkswagen,Golf Edition 1.6 TDI,2017,159000,115,Diésel,Manual,C,Usado,12970.0,Madrid,https://www.coches.net/volkswagen-golf-edition-16-tdi-85kw-115cv-5p-diesel-2018-en-madrid-70222411-covo.aspx,9,17667,2026-05-08
Nissan,Townstar 5 plazas 1.3G L1 Tekna,2024,43721,130,Gasolina,Manual,C,Usado,23490.0,Sta. C. Tenerife,https://www.coches.net/nissan-townstar-5-plazas-13g-96kw-l1-tekna-5p-gasolina-2022-en-sta-c-tenerife-70223068-covo.aspx,2,21860,2026-05-08
Volkswagen,Multivan 1.5 eHybrid DSG 4MOTION,2025,7219,245,Híbrido Enchufable,Automática,0_EMISIONES,Usado,48900.0,Sta. C. Tenerife,https://www.coches.net/volkswagen-multivan-15-ehybrid-130-kw-177cv-dsg-4motion-5p-electrico-hibrido-2025-en-sta-c-tenerife-70223069-covo.aspx,1,7219,2026-05-08
Mercedes-Benz,Clase GLC GLC 220 d 4MATIC,2018,193017,170,Diésel,Manual,C,Usado,23700.0,Albacete,https://www.coches.net/mercedes-benz-clase-glc-glc-220-d-4matic-5p-diesel-2018-en-albacete-70224351-covo.aspx,8,24127,2026-05-08
Volvo,EX30 Single Motor Plus Auto,2025,3600,272,Eléctrico,Automática,Sin etiqueta,Usado,32600.0,Navarra,https://www.coches.net/volvo-ex30-single-motor-plus-auto-5p-electrico-hibrido-2025-en-navarra-70224768-covo.aspx,1,3600,2026-05-08
Audi,A4 Avant S line 35 TDI S tronic,2018,133000,150,Diésel,Automática,C,Usado,17990.0,Las Palmas,https://www.coches.net/audi-a4-avant-s-line-35-tdi-110kw-s-tronic-5p-diesel-2019-en-las-palmas-70224929-covo.aspx,8,16625,2026-05-08
Porsche,Cayenne Coupé S,2020,149500,440,Gasolina,Manual,C,Usado,61999.0,Alicante,https://www.coches.net/porsche-cayenne-coupe-s-5p-gasolina-2021-en-alicante-70224945-covo.aspx,6,24917,2026-05-08
Bmw,Serie 2 M235iA xDrive Gran Coupe,2020,89000,306,Gasolina,Manual,C,Usado,34900.0,Murcia,https://www.coches.net/bmw-serie-2-m235ia-xdrive-gran-coupe-4p-gasolina-2020-en-murcia-70225512-covo.aspx,6,14833,2026-05-08
Ds,DS 7 Crossback BlueHDi Auto. PERF.LINE,2020,74898,180,Diésel,Manual,C,Usado,23990.0,Murcia,https://www.coches.net/ds-ds-7-crossback-bluehdi-132kw-180cv-auto-perfline-5p-diesel-2020-en-murcia-70229526-covo.aspx,6,12483,2026-05-08
Mercedes-Benz,Clase C C 220 d Estate,2023,19000,200,Híbrido,Manual,ECO,Usado,38900.0,Valladolid,https://www.coches.net/mercedes-benz-clase-c-c-220-d-estate-5p-electrico-hibrido-2023-en-valladolid-70230539-covo.aspx,3,6333,2026-05-08
Bmw,X2 sDrive20d,2025,15409,163,Híbrido,Manual,ECO,Usado,43400.0,Cuenca,https://www.coches.net/bmw-x2-sdrive20d-5p-electrico-hibrido-2025-en-cuenca-70230639-covo.aspx,1,15409,2026-05-08
Seat,Ateca 1.0 TSI Style Evo Edition,2026,10,115,Gasolina,Manual,C,Usado,24500.0,Burgos,https://www.coches.net/km-0/seat/ateca/burgos/10-tsi-85kw-115cv-style-evo-edition-gasolina-de-km0-70232887-kovn.aspx,0,10,2026-05-08
Seat,Ateca 1.5 TSI DSG7 StSp FR2026,2026,10,150,Gasolina,Automática,C,Usado,30700.0,Burgos,https://www.coches.net/km-0/seat/ateca/burgos/15-tsi-110kw-150cv-dsg7-stsp-fr2026-gasolina-de-km0-70232967-kovn.aspx,0,10,2026-05-08
Audi,Q5 Advanced 35 TDI S tronic,2021,48648,163,Híbrido,Automática,ECO,Usado,34900.0,Bizkaia,https://www.coches.net/audi-q5-advanced-35-tdi-120kw-s-tronic-5p-electrico-hibrido-2021-en-vizcaya-70236129-covo.aspx,5,9730,2026-05-08
Audi,Q3 Advanced 35 TDI S tronic,2021,41562,150,Diésel,Automática,C,Usado,29900.0,Bizkaia,https://www.coches.net/audi-q3-advanced-35-tdi-110kw-150cv-s-tronic-5p-diesel-2021-en-vizcaya-70236130-covo.aspx,5,8312,2026-05-08
Volvo,XC40 2.0 D3 Inscription Auto,2021,102000,150,Diésel,Manual,C,Usado,27900.0,Valladolid,https://www.coches.net/volvo-xc40-20-d3-inscription-auto-5p-diesel-2020-en-valladolid-70236198-covo.aspx,5,20400,2026-05-08
Peugeot,e-Rifter eRifter Active Pack Standard,2023,18900,136,Eléctrico,Automática,Sin etiqueta,Usado,21990.0,Bizkaia,https://www.coches.net/peugeot-e-rifter-erifter-active-pack-standard-100kw-4p-electrico-hibrido-2023-en-vizcaya-70236434-covo.aspx,3,6300,2026-05-08
Peugeot,Rifter Allure BlueHDi 130 SS EAT8 Long,2025,10,130,Diésel,Manual,C,Usado,29990.0,Bizkaia,https://www.coches.net/km-0/peugeot/rifter/vizcaya/allure-bluehdi-130-ss-eat8-long-diesel-de-km0-70236444-kovn.aspx,1,10,2026-05-08
Peugeot,2008 Allure Puretech 130 SS EAT8,2008,45300,130,Gasolina,Manual,C,Usado,16990.0,Bizkaia,https://www.coches.net/peugeot-2008-allure-puretech-130-ss-eat8-5p-gasolina-2020-en-vizcaya-70236446-covo.aspx,18,2517,2026-05-08
Citroen,C5 Aircross HYBRID eDCS6 Max,2025,10,145,Híbrido,Manual,ECO,Usado,34590.0,Bizkaia,https://www.coches.net/km-0/citroen/c5-aircross/vizcaya/hybrid-107kw-145cv-edcs6-max-electrico-hibrido-de-km0-70236449-kovn.aspx,1,10,2026-05-08
Citroen,C4 Hybrid 145 eDCS6 Max,2025,10,145,Híbrido,Manual,ECO,Usado,23990.0,Gipuzkoa,https://www.coches.net/km-0/citroen/c4/guipuzcoa/hybrid-145-edcs6-max-electrico-hibrido-de-km0-70236573-kovn.aspx,1,10,2026-05-08
Peugeot,Rifter Allure BlueHDi 130 SS EAT8 Long,2025,10,130,Diésel,Manual,C,Usado,29990.0,Gipuzkoa,https://www.coches.net/km-0/peugeot/rifter/guipuzcoa/allure-bluehdi-130-ss-eat8-long-diesel-de-km0-70236659-kovn.aspx,1,10,2026-05-08
Citroen,C5 Aircross HYBRID eDCS6 Max,2025,2,145,Híbrido,Manual,ECO,Usado,33490.0,Gipuzkoa,https://www.coches.net/km-0/citroen/c5-aircross/guipuzcoa/hybrid-107kw-145cv-edcs6-max-electrico-hibrido-de-km0-70236660-kovn.aspx,1,2,2026-05-08
Bmw,X5 xDrive30d xLine,2025,25759,298,Híbrido,Manual,ECO,Usado,79800.0,Ciudad Real,https://www.coches.net/bmw-x5-xdrive30d-xline-5p-electrico-hibrido-2025-en-ciudad-real-70236901-covo.aspx,1,25759,2026-05-08
Volkswagen,T-Roc Advance 2.0 TDI DSG,2021,106000,150,Diésel,Automática,C,Usado,22600.0,Asturias,https://www.coches.net/volkswagen-t-roc-advance-20-tdi-110kw-150cv-dsg-5p-diesel-2022-en-asturias-70237316-covo.aspx,5,21200,2026-05-08
Volkswagen,T-Cross Advance 1.0 TSI DSG,2020,59000,110,Gasolina,Automática,C,Usado,17990.0,Sta. C. Tenerife,https://www.coches.net/volkswagen-t-cross-advance-10-tsi-81kw-110cv-dsg-5p-gasolina-2021-en-sta-c-tenerife-70239099-covo.aspx,6,9833,2026-05-08
Volvo,XC40 2.0 B3 G Core Auto,2025,27900,163,Híbrido,Manual,ECO,Usado,32400.0,Navarra,https://www.coches.net/volvo-xc40-20-b3-g-core-auto-5p-electrico-hibrido-2026-en-navarra-70239174-covo.aspx,1,27900,2026-05-08
Peugeot,208 PureTech Allure Pack,2023,37500,100,Gasolina,Manual,C,Usado,13990.0,Sta. C. Tenerife,https://www.coches.net/peugeot-208-puretech-73kw-100cv-allure-pack-5p-gasolina-2023-en-sta-c-tenerife-70239802-covo.aspx,3,12500,2026-05-08
Bmw,Serie 1 118i,2020,51000,136,Gasolina,Manual,C,Usado,20900.0,Sta. C. Tenerife,https://www.coches.net/bmw-serie-1-118i-5p-gasolina-2021-en-sta-c-tenerife-70240135-covo.aspx,6,8500,2026-05-08
Mercedes-Benz,Clase E Cabrio E 220 d,2018,121070,194,Diésel,Manual,C,Usado,38900.0,Murcia,https://www.coches.net/mercedes-benz-clase-e-cabrio-e-220-d-2p-diesel-2019-en-murcia-70241055-covo.aspx,8,15134,2026-05-08
Mercedes-Benz,GLC Coupé GLC 220 d 4MATIC,2019,108000,170,Diésel,Manual,C,Usado,36990.0,Alicante,https://www.coches.net/mercedes-benz-glc-coupe-glc-220-d-4matic-5p-diesel-2019-en-alicante-70244969-covo.aspx,7,15429,2026-05-08
Audi,Q8 50 TDI quattro tiptronic,2020,82974,286,Diésel,Automática,C,Usado,59990.0,Valencia,https://www.coches.net/audi-q8-50-tdi-210kw-286cv-quattro-tiptronic-5p-diesel-2021-en-valencia-70251205-covo.aspx,6,13829,2026-05-08
Bmw,iX1 xDrive30,2024,36,313,Eléctrico,Automática,Sin etiqueta,Usado,36900.0,Sta. C. Tenerife,https://www.coches.net/bmw-ix1-xdrive30-5p-electrico-hibrido-2025-en-sta-c-tenerife-70251271-covo.aspx,2,18,2026-05-08
Bmw,Serie 6 650i Gran Coupe,2015,156616,450,Gasolina,Manual,C,Usado,29700.0,Sta. C. Tenerife,https://www.coches.net/bmw-serie-6-650i-gran-coupe-4p-gasolina-2016-en-sta-c-tenerife-70251272-covo.aspx,11,14238,2026-05-08
Bmw,X2 xDrive20d,2025,19255,163,Híbrido,Manual,ECO,Usado,42500.0,Valencia,https://www.coches.net/bmw-x2-xdrive20d-5p-electrico-hibrido-2025-en-valencia-70251284-covo.aspx,1,19255,2026-05-08
Mercedes-Benz,Clase V 250 d Avantgarde Extralargo,2021,216353,190,Diésel,Manual,C,Usado,36990.0,Valencia,https://www.coches.net/mercedes-benz-clase-v-250-d-avantgarde-extralargo-5p-diesel-2020-en-valencia-70251810-covo.aspx,5,43271,2026-05-08
Land Rover,Range Rover Sport 3.0D I6 MHEV S AWD Auto.,2021,192554,249,Híbrido,Manual,ECO,Usado,28500.0,Valencia,https://www.coches.net/land-rover-range-rover-sport-30d-i6-183kw-mhev-s-awd-auto-5p-electrico-hibrido-2021-en-valencia-70252089-covo.aspx,5,38511,2026-05-08
Land Rover,Range Rover 3.0 TDV6 VOGUE,2015,196883,258,Diésel,Manual,C,Usado,26800.0,Valencia,https://www.coches.net/land-rover-range-rover-30-tdv6-258cv-vogue-5p-diesel-2015-en-valencia-70252166-covo.aspx,11,17898,2026-05-08
Audi,Q5 Advanced 35 TDI S tronic,2022,120197,163,Híbrido,Automática,ECO,Usado,26500.0,Valencia,https://www.coches.net/audi-q5-advanced-35-tdi-120kw-s-tronic-5p-electrico-hibrido-2023-en-valencia-70252579-covo.aspx,4,30049,2026-05-08
Volkswagen,GOLF GTD 200 CV 2.0 TDI DSG,2023,64900,200,Diésel,Automática,C,Usado,33900.0,Valencia,https://www.coches.net/volkswagen-golf-gtd--200-cv-20-tdi-dsg-diesel-2023-en-valencia-70253319-covo.aspx,3,21633,2026-05-08
Mercedes-Benz,Clase A A 180 d Sedan,2022,81971,116,Diésel,Manual,C,Usado,24890.0,Madrid,https://www.coches.net/mercedes-benz-clase-a-a-180-d-sedan-4p-diesel-2022-en-madrid-70255154-covo.aspx,4,20493,2026-05-08
Bmw,X3 xDrive30e xLine,2022,88246,292,Híbrido Enchufable,Manual,0_EMISIONES,Usado,36190.0,Madrid,https://www.coches.net/bmw-x3-xdrive30e-xline-5p-electrico-hibrido-2023-en-madrid-70255160-covo.aspx,4,22062,2026-05-08
Bmw,Serie 1 118i,2022,99543,136,Gasolina,Manual,C,Usado,21490.0,Madrid,https://www.coches.net/bmw-serie-1-118i-5p-gasolina-2023-en-madrid-70255433-covo.aspx,4,24886,2026-05-08
Jeep,Wrangler 2.0 80 Aniversario 8ATX E6D,2021,100000,381,Híbrido Enchufable,Automática,0_EMISIONES,Usado,47900.0,Barcelona,https://www.coches.net/jeep-wrangler-4p-20-380cv-80-aniversario-8atx-e6d-5p-electrico-hibrido-2021-en-barcelona-70256166-covo.aspx,5,20000,2026-05-08
Mercedes-Benz,Clase GLC GLC 220 d 4MATIC,2019,137623,170,Diésel,Manual,C,Usado,31495.0,Jaén,https://www.coches.net/mercedes-benz-clase-glc-glc-220-d-4matic-5p-diesel-2019-en-jaen-70257109-covo.aspx,7,19660,2026-05-08
Audi,A4 Avant 2.0 TDI 140kW190CV S tron S line,2017,127584,190,Diésel,Manual,C,Usado,20999.0,Jaén,https://www.coches.net/audi-a4-avant-20-tdi-140kw190cv-s-tron-s-line-5p-diesel-2017-en-jaen-70257112-covo.aspx,9,14176,2026-05-08
Kia,Stonic 1.2 DPi Drive,2025,16297,79,Gasolina,Manual,C,Usado,18990.0,Sevilla,https://www.coches.net/kia-stonic-12-dpi-58kw-79cv-drive-5p-gasolina-2025-en-sevilla-70260352-covo.aspx,1,16297,2026-05-08
Opel,Vivaro 1.6 CDTI SS L1 2.7t Tourer9,2017,128346,145,Diésel,Manual,C,Usado,18990.0,Valencia,https://www.coches.net/opel-vivaro-16-cdti-ss-107kw-l1-27t-tourer9-4p-diesel-2018-en-valencia-70260440-covo.aspx,9,14261,2026-05-08
Mercedes-Benz,Clase A Sedan A 180 d,2021,150622,116,Diésel,Manual,C,Usado,19500.0,Valencia,https://www.coches.net/mercedes-benz-clase-a-sedan-a-180-d-4p-diesel-2020-en-valencia-70260495-covo.aspx,5,30124,2026-05-08
Mitsubishi,ASX 160 DID Motion,2017,86317,114,Diésel,Manual,C,Usado,13790.0,Sevilla,https://www.coches.net/mitsubishi-asx-160-did-motion-5p-diesel-2017-en-sevilla-70260734-covo.aspx,9,9591,2026-05-08
Land Rover,Range Rover Evoque 2.0 D150 FWD,2020,171130,150,Diésel,Manual,C,Usado,14500.0,Valencia,https://www.coches.net/land-rover-range-rover-evoque-20-d150-fwd-5p-diesel-2020-en-valencia-70260806-covo.aspx,6,28522,2026-05-08
Porsche,911 Carrera,2025,22695,394,Gasolina,Manual,C,Usado,167900.0,Murcia,https://www.coches.net/porsche-911-carrera-2p-gasolina-2026-en-murcia-70264885-covo.aspx,1,22695,2026-05-08
Mercedes-Benz,CLA CLA 220 D DCT,2025,9000,190,Diésel,Automática,C,Usado,39999.0,Valencia,https://www.coches.net/mercedes-benz-cla-cla-220-d-dct-4p-diesel-2025-en-valencia-70266111-covo.aspx,1,9000,2026-05-08
Mercedes-Benz,Clase S S 320 CDI,2006,290000,235,Diésel,Manual,B,Usado,11900.0,Asturias,https://www.coches.net/mercedes-benz-clase-s-s-320-cdi-4p-diesel-2007-en-asturias-70266256-covo.aspx,20,14500,2026-05-08
Seat,León SP 2.0 TDI Style,2021,197000,115,Diésel,Manual,C,Usado,11970.0,Madrid,https://www.coches.net/seat-leon-sp-20-tdi-85kw-style-5p-diesel-2021-en-madrid-70269290-covo.aspx,5,39400,2026-05-08
Volvo,V40 2.0 D2 Kinetic Auto,2017,169000,120,Diésel,Manual,C,Usado,11970.0,Madrid,https://www.coches.net/volvo-v40-20-d2-kinetic-auto-5p-diesel-2018-en-madrid-70269369-covo.aspx,9,18778,2026-05-08
Bmw,Serie 1 120d,2025,16988,163,Híbrido,Manual,ECO,Usado,33500.0,Ciudad Real,https://www.coches.net/bmw-serie-1-120d-5p-electrico-hibrido-2025-en-ciudad-real-70269407-covo.aspx,1,16988,2026-05-08
Audi,A3 Sportb 1.6 TDI 110 clean S tr Attraction,2015,159982,110,Diésel,Manual,C,Usado,13500.0,Valencia,https://www.coches.net/audi-a3-sportb-16-tdi-110-clean-s-tr-attraction-5p-diesel-2016-en-valencia-70270196-covo.aspx,11,14544,2026-05-08
Mercedes-Benz,Clase GLE Coupé GLE 350 d 4MATIC,2016,150895,258,Diésel,Manual,C,Usado,39900.0,Jaén,https://www.coches.net/mercedes-benz-clase-gle-coupe-gle-350-d-4matic-5p-diesel-2017-en-jaen-70270313-covo.aspx,10,15090,2026-05-08
Audi,A3 1.6 TDI Ambition,2014,116662,105,Diésel,Manual,B,Usado,12990.0,Valencia,https://www.coches.net/audi-a3-16-tdi-105cv-ambition-3p-diesel-2014-en-valencia-70270601-covo.aspx,12,9722,2026-05-08
Citroen,ë-C3 Aircross Electrico MAX Autonomia Extendida,2025,12842,113,Eléctrico,Automática,Sin etiqueta,Usado,24990.0,Gipuzkoa,https://www.coches.net/citroen-e-c3-aircross-electrico-113cv-max-autonomia-extendida-5p-electrico-hibrido-2025-en-guipuzcoa-70270852-covo.aspx,1,12842,2026-05-08
Citroen,C4 Hybrid 145 eDCS6 Business Edition,2025,2,145,Híbrido,Manual,ECO,Usado,22990.0,Gipuzkoa,https://www.coches.net/km-0/citroen/c4/guipuzcoa/hybrid-145-edcs6-business-edition-electrico-hibrido-de-km0-70270861-kovn.aspx,1,2,2026-05-08
Citroen,ë-C3 Aircross Electrico MAX Autonomia Extendida,2025,12842,113,Eléctrico,Automática,Sin etiqueta,Usado,24990.0,Bizkaia,https://www.coches.net/citroen-e-c3-aircross-electrico-113cv-max-autonomia-extendida-5p-electrico-hibrido-2025-en-vizcaya-70271019-covo.aspx,1,12842,2026-05-08
Peugeot,308 Allure PureTech 130 SS EAT8,2024,6784,130,Gasolina,Manual,C,Usado,21990.0,Bizkaia,https://www.coches.net/peugeot-308-5p-allure-puretech-130-ss-eat8-5p-gasolina-2024-en-vizcaya-70271021-covo.aspx,2,3392,2026-05-08
Opel,Mokka X 1.4 T 4X2 SS Selective,2016,72000,140,Gasolina,Manual,C,Usado,10990.0,Bizkaia,https://www.coches.net/opel-mokka-x-14-t-103kw-140cv-4x2-ss-selective-5p-gasolina-2017-en-vizcaya-70271025-covo.aspx,10,7200,2026-05-08
Citroen,C4 PureTech 130 SS 6v Shine,2023,26423,130,Gasolina,Manual,C,Usado,16990.0,Bizkaia,https://www.coches.net/citroen-c4-puretech-130-ss-6v-shine-5p-gasolina-2023-en-vizcaya-70271026-covo.aspx,3,8808,2026-05-08
Ford,Kuga 1.5 EcoBoost 150 ASS 4x2 Titanium,2015,111000,150,Gasolina,Manual,C,Usado,13490.0,Bizkaia,https://www.coches.net/ford-kuga-15-ecoboost-150-ass-4x2-titanium-5p-gasolina-2015-en-vizcaya-70271029-covo.aspx,11,10091,2026-05-08
Peugeot,2008 Allure Pack Puretech 130 SS BVM6,2008,54279,130,Gasolina,Manual,C,Usado,14990.0,Bizkaia,https://www.coches.net/peugeot-2008-allure-pack-puretech-130-ss-bvm6-5p-gasolina-2020-en-vizcaya-70271030-covo.aspx,18,3016,2026-05-08
Citroen,C4 BlueHDi 130 SS EAT8 Feel Pack,2021,45000,130,Diésel,Manual,C,Usado,16990.0,Bizkaia,https://www.coches.net/citroen-c4-bluehdi-130-ss-eat8-feel-pack-5p-diesel-2021-en-vizcaya-70271034-covo.aspx,5,9000,2026-05-08
Ford,Focus 1.5 Ecoblue Trend Auto,2021,48551,120,Diésel,Manual,C,Usado,16990.0,Bizkaia,https://www.coches.net/ford-focus-15-ecoblue-88kw-trend-auto-5p-diesel-2020-en-vizcaya-70271036-covo.aspx,5,9710,2026-05-08
Kia,XCeed 1.6 GDi PHEV eDrive,2021,59000,141,Híbrido Enchufable,Automática,0_EMISIONES,Usado,17990.0,Sta. C. Tenerife,https://www.coches.net/kia-xceed-16-gdi-phev-104kw-141cv-edrive-5p-electrico-hibrido-2021-en-sta-c-tenerife-70272034-covo.aspx,5,11800,2026-05-08
Bmw,X6 xDrive40d,2022,98000,340,Híbrido,Manual,ECO,Usado,63800.0,Almería,https://www.coches.net/bmw-x6-xdrive40d-5p-electrico-hibrido-2022-en-almeria-70273225-covo.aspx,4,24500,2026-05-08
Jeep,Compass 1.4 Mair Limited 4x4 AD Auto,2018,125000,170,Gasolina,Manual,C,Usado,15990.0,Las Palmas,https://www.coches.net/jeep-compass-14-mair-125kw-limited-4x4-ad-auto-5p-gasolina-2018-en-las-palmas-70273477-covo.aspx,8,15625,2026-05-08
Volvo,V60 2.0 B4 D Core Auto,2022,129000,197,Híbrido,Manual,ECO,Usado,27700.0,Asturias,https://www.coches.net/volvo-v60-20-b4-d-core-auto-5p-electrico-hibrido-2023-en-asturias-70274276-covo.aspx,4,32250,2026-05-08
Citroen,C3 PureTech ELLE,2018,126000,82,Gasolina,Manual,C,Usado,6990.0,Las Palmas,https://www.coches.net/citroen-c3-puretech-60kw-82cv-elle-5p-gasolina-2018-en-las-palmas-70275559-covo.aspx,8,15750,2026-05-08
Skoda,Fabia 1.0 TSI Sport,2021,39000,95,Gasolina,Manual,C,Usado,15990.0,Sta. C. Tenerife,https://www.coches.net/skoda-fabia-10-tsi-70kw-95cv-sport-5p-gasolina-2022-en-sta-c-tenerife-70276047-covo.aspx,5,7800,2026-05-08
Bmw,X5 xDrive45e,2021,69685,394,Híbrido Enchufable,Manual,0_EMISIONES,Usado,54900.0,Sta. C. Tenerife,https://www.coches.net/bmw-x5-xdrive45e-5p-electrico-hibrido-2022-en-sta-c-tenerife-70277402-covo.aspx,5,13937,2026-05-08
Bmw,Serie 1 118d,2026,10,150,Diésel,Manual,C,Usado,38500.0,Sta. C. Tenerife,https://www.coches.net/bmw-serie-1-118d-5p-diesel-2026-en-sta-c-tenerife-70277404-covo.aspx,0,10,2026-05-08
Bmw,Serie 3 320d Auto.Touring,2022,88592,190,Híbrido,Manual,ECO,Usado,31290.0,Madrid,https://www.coches.net/bmw-serie-3-320d-autotouring-5p-electrico-hibrido-2023-en-madrid-70278352-covo.aspx,4,22148,2026-05-08
Toyota,Yaris 1.5 125 SEdition,2024,63000,125,Gasolina,Manual,C,Usado,16990.0,Sta. C. Tenerife,https://www.coches.net/toyota-yaris-15-125-sedition-5p-gasolina-2022-en-sta-c-tenerife-70281802-covo.aspx,2,31500,2026-05-08
Toyota,Yaris 1.5 125 SEdition,2024,67500,125,Gasolina,Manual,C,Usado,16990.0,Sta. C. Tenerife,https://www.coches.net/toyota-yaris-15-125-sedition-5p-gasolina-2022-en-sta-c-tenerife-70281806-covo.aspx,2,33750,2026-05-08
Mercedes-Benz,Vito 114CDI AT Tourer Select Larga,2025,13000,136,Diésel,Automática,C,Usado,53999.0,Valencia,https://www.coches.net/mercedes-benz-vito-114cdi-at-100kw-tourer-select-larga-4p-diesel-2025-en-valencia-70282593-covo.aspx,1,13000,2026-05-08
Dacia,Spring Comfort Electric,2022,10979,45,Eléctrico,Automática,Sin etiqueta,Usado,11500.0,Málaga,https://www.coches.net/dacia-spring-comfort-electric-33kw-45cv-5p-electrico-hibrido-2022-en-malaga-70282743-covo.aspx,4,2745,2026-05-08
Volkswagen,ID.4 Pro Performance Automatico,2022,57554,204,Eléctrico,Automática,Sin etiqueta,Usado,35900.0,Málaga,https://www.coches.net/volkswagen-id4-pro-performance-150kw-204cv-automatico-5p-electrico-hibrido-2022-en-malaga-70282841-covo.aspx,4,14388,2026-05-08
Opel,Astra 1.2T SHR Ultimate,2021,96000,145,Gasolina,Manual,C,Usado,16900.0,Málaga,https://www.coches.net/opel-astra-12t-shr-107kw-145cv-ultimate-5p-gasolina-2021-en-malaga-70282966-covo.aspx,5,19200,2026-05-08
Fiat,500 1.2 8v Lounge,2017,125833,69,Gasolina,Manual,C,Usado,9900.0,Málaga,https://www.coches.net/fiat-500-12-8v-51kw-69cv-lounge-3p-gasolina-2017-en-malaga-70282998-covo.aspx,9,13981,2026-05-08
Peugeot,308 SW Active 1.6 BlueHDi,2017,55100,120,Diésel,Manual,C,Usado,12900.0,Málaga,https://www.coches.net/peugeot-308-sw-active-16-bluehdi-88kw-120cv-5p-diesel-2017-en-malaga-70283008-covo.aspx,9,6122,2026-05-08
Dacia,Sandero Comfort TCe,2023,71000,91,Gasolina,Manual,C,Usado,12990.0,Sta. C. Tenerife,https://www.coches.net/dacia-sandero-comfort-tce-67kw-90cv-5p-gasolina-2022-en-sta-c-tenerife-70283031-covo.aspx,3,23667,2026-05-08
Hyundai,Tucson 1.6 TGDI 48V Tecno 2C,2021,75000,150,Híbrido,Manual,ECO,Usado,23900.0,Alicante,https://www.coches.net/hyundai-tucson-16-tgdi-110kw-150cv-48v-tecno-2c-5p-electrico-hibrido-2021-en-alicante-70283622-covo.aspx,5,15000,2026-05-08
Mercedes-Benz,Clase V 300 d Avantgarde Largo,2019,67000,239,Diésel,Manual,C,Usado,49900.0,Valladolid,https://www.coches.net/mercedes-benz-clase-v-300-d-avantgarde-largo-5p-diesel-2019-en-valladolid-70283766-covo.aspx,7,9571,2026-05-08
Land Rover,Range Rover 3.6 TdV8 Vogue,2010,299000,272,Diésel,Manual,B,Usado,20900.0,Asturias,https://www.coches.net/land-rover-range-rover-36-tdv8-vogue-5p-diesel-2010-en-asturias-70284047-covo.aspx,16,18688,2026-05-08
Mercedes-Benz,Clase GLC GLC 300 e 4MATIC,2021,134000,320,Híbrido Enchufable,Manual,0_EMISIONES,Usado,30350.0,Madrid,https://www.coches.net/mercedes-benz-clase-glc-glc-300-e-4matic-5p-electrico-hibrido-2022-en-madrid-70284738-covo.aspx,5,26800,2026-05-08
Mazda,CX-5 2.2 DE Black Tech Edition 2WD,2016,135000,150,Diésel,Manual,C,Usado,14650.0,Alicante,https://www.coches.net/mazda-cx-5-22-de-black-tech-edition-2wd-5p-diesel-2015-en-alicante-70284891-covo.aspx,10,13500,2026-05-08
Volkswagen,Golf GTE 1.4 TSI DSG,2021,90000,245,Híbrido Enchufable,Automática,0_EMISIONES,Usado,24900.0,Zamora,https://www.coches.net/volkswagen-golf-gte-14-tsi-180kw-245cv-dsg-5p-electrico-hibrido-2022-en-zamora-70285871-covo.aspx,5,18000,2026-05-08
Bmw,Serie 1 118d,2012,199000,143,Diésel,Manual,B,Usado,10990.0,Alicante,https://www.coches.net/bmw-serie-1-118d-2p-diesel-2012-en-alicante-70286631-covo.aspx,14,14214,2026-05-08
Ford,Ranger 2.0 Ecobl 4x4 Dob Cab Wildtrack AT,2021,109500,213,Diésel,Manual,C,Usado,37999.0,Alicante,https://www.coches.net/ford-ranger-20-ecobl-157kw-4x4-dob-cab-wildtrack-at-4p-diesel-2022-en-alicante-70286665-covo.aspx,5,21900,2026-05-08
Peugeot,RCZ 2.0 HDi,2012,133693,163,Diésel,Manual,B,Usado,12990.0,Salamanca,https://www.coches.net/peugeot-rcz-20-hdi-163cv-2p-diesel-2011-en-salamanca-70286829-covo.aspx,14,9550,2026-05-08
Kia,XCeed 1.6 GDi PHEV eTech,2023,14849,141,Híbrido Enchufable,Manual,0_EMISIONES,Usado,24990.0,Sevilla,https://www.coches.net/kia-xceed-16-gdi-phev-104kw-141cv-etech-5p-electrico-hibrido-2024-en-sevilla-70287387-covo.aspx,3,4950,2026-05-08
Peugeot,2008 Active Pack Puretech 100 SS BVM6,2008,47767,100,Gasolina,Manual,C,Usado,13990.0,Bizkaia,https://www.coches.net/peugeot-2008-active-pack-puretech-100-ss-bvm6-5p-gasolina-2021-en-vizcaya-70290192-covo.aspx,18,2654,2026-05-08
Peugeot,E-308 GT Electrico 54kWh,2024,23000,156,Eléctrico,Automática,Sin etiqueta,Usado,24990.0,Bizkaia,https://www.coches.net/peugeot-e-308-5p-gt-electrico-115kw-156cv-54kwh-5p-electrico-hibrido-2024-en-vizcaya-70290193-covo.aspx,2,11500,2026-05-08
Jeep,Avenger BEV Longitude,2024,9000,156,Eléctrico,Automática,Sin etiqueta,Usado,27990.0,Bizkaia,https://www.coches.net/jeep-avenger-bev-115kw-156cv-longitude-5p-electrico-hibrido-2024-en-vizcaya-70290194-covo.aspx,2,4500,2026-05-08
Peugeot,2008 Active Pack Puretech 100 SS BVM6,2008,47767,100,Gasolina,Manual,C,Usado,13990.0,Gipuzkoa,https://www.coches.net/peugeot-2008-active-pack-puretech-100-ss-bvm6-5p-gasolina-2021-en-guipuzcoa-70290411-covo.aspx,18,2654,2026-05-08
Opel,Mokka 1.2 T 130 CV Ultimate Auto,2022,31888,130,Gasolina,Manual,C,Usado,18990.0,Gipuzkoa,https://www.coches.net/opel-mokka-12-t-96kw-130-cv-ultimate-auto-5p-gasolina-2022-en-guipuzcoa-70290412-covo.aspx,4,7972,2026-05-08
Opel,Crossland X 1.2 Innovation SS Auto,2020,16474,130,Gasolina,Manual,C,Usado,13490.0,Gipuzkoa,https://www.coches.net/opel-crossland-x-12-96kw-130cv-innovation-ss-auto-5p-gasolina-2020-en-guipuzcoa-70290413-covo.aspx,6,2746,2026-05-08
Land Rover,Range Rover Evoque 2.2L DW12C 2WD Pure,2012,88000,150,Diésel,Manual,B,Usado,15990.0,Sta. C. Tenerife,https://www.coches.net/land-rover-range-rover-evoque-22l-dw12c-150cv-2wd-pure-3p-diesel-2012-en-sta-c-tenerife-70290958-covo.aspx,14,6286,2026-05-08
Bmw,iX1 eDrive20,2024,9800,204,Eléctrico,Automática,Sin etiqueta,Usado,38900.0,Cuenca,https://www.coches.net/bmw-ix1-edrive20-5p-electrico-hibrido-2024-en-cuenca-70291271-covo.aspx,2,4900,2026-05-08
Mercedes-Benz,Clase A A 200 d,2017,99500,136,Diésel,Manual,C,Usado,21999.0,Alicante,https://www.coches.net/mercedes-benz-clase-a-a-200-d-5p-diesel-2018-en-alicante-70291931-covo.aspx,9,11056,2026-05-08
Audi,A1 Sportback Adrenalin 30 TFSI S tron,2025,22010,116,Gasolina,Manual,C,Usado,26500.0,Jaén,https://www.coches.net/audi-a1-sportback-adrenalin-30-tfsi-85kw-s-tron-5p-gasolina-2025-en-jaen-70292299-covo.aspx,1,22010,2026-05-08
Kia,Sportage 1.6 CRDi MHEV Tech 4x2 DCT,2022,35000,136,Híbrido,Automática,ECO,Usado,25900.0,Zamora,https://www.coches.net/kia-sportage-16-crdi-mhev-100kw-136cv-tech-4x2-dct-5p-electrico-hibrido-2023-en-zamora-70293453-covo.aspx,4,8750,2026-05-08
Mazda,CX-30 SKYACTIVG 2.0 2WD Evolution,2020,98000,122,Gasolina,Manual,C,Usado,19900.0,Zamora,https://www.coches.net/mazda-cx-30-skyactivg-20-90-kw-2wd-evolution-5p-gasolina-2019-en-zamora-70293479-covo.aspx,6,16333,2026-05-08
Bmw,X7 xDrive40d,2025,21500,352,Híbrido,Manual,ECO,Usado,99000.0,Ciudad Real,https://www.coches.net/bmw-x7-xdrive40d-5p-electrico-hibrido-2025-en-ciudad-real-70294434-covo.aspx,1,21500,2026-05-08
Seat,Ateca 1.5 TSI DSG SS Xcel Edit.,2019,45000,150,Gasolina,Automática,C,Usado,21900.0,Zamora,https://www.coches.net/seat-ateca-15-tsi-110kw-dsg-150cv-ss-xcel-edit-5p-gasolina-2020-en-zamora-70298875-covo.aspx,7,6429,2026-05-08
Suzuki,S-Cross 1.5 S3 Strong Hybrid Auto,2023,40000,116,Híbrido,Manual,ECO,Usado,25900.0,Zamora,https://www.coches.net/suzuki-s-cross-15-s3-strong-hybrid-auto-5p-electrico-hibrido-2022-en-zamora-70299013-covo.aspx,3,13333,2026-05-08
Audi,Q3 35 TDI S tronic,2021,82000,150,Diésel,Automática,C,Usado,28900.0,Zamora,https://www.coches.net/audi-q3-35-tdi-110kw-150cv-s-tronic-5p-diesel-2022-en-zamora-70299030-covo.aspx,5,16400,2026-05-08
Porsche,Cayenne Diesel,2017,190000,262,Diésel,Manual,C,Usado,33900.0,Zamora,https://www.coches.net/porsche-cayenne-diesel-5p-diesel-2018-en-zamora-70299058-covo.aspx,9,21111,2026-05-08
Dacia,Duster Laureate dCi 4X2 EU6,2017,98000,109,Diésel,Manual,C,Usado,13900.0,Zamora,https://www.coches.net/dacia-duster-laureate-dci-80kw-109cv-4x2-eu6-5p-diesel-2016-en-zamora-70299076-covo.aspx,9,10889,2026-05-08
Bmw,Serie 3 318d Auto.,2021,75000,150,Híbrido,Manual,ECO,Usado,27900.0,Zamora,https://www.coches.net/bmw-serie-3-318d-auto-4p-electrico-hibrido-2022-en-zamora-70299120-covo.aspx,5,15000,2026-05-08
Renault,Clio Techno TCe 90,2025,20267,90,Gasolina,Manual,C,Usado,16990.0,Málaga,https://www.coches.net/renault-clio-techno-tce-90-67kw-5p-gasolina-2025-en-malaga-70301209-covo.aspx,1,20267,2026-05-08
Cupra,Formentor 1.4 eHybrid 204 CV DSG,2021,77000,204,Híbrido Enchufable,Automática,0_EMISIONES,Usado,24690.0,Málaga,https://www.coches.net/cupra-formentor-14-ehybrid-150kw-204-cv-dsg-5p-electrico-hibrido-2022-en-malaga-70301222-covo.aspx,5,15400,2026-05-08
Opel,Frontera 1.2T XHT Hybrid eDCT6 GS,2026,10,146,Híbrido,Automática,ECO,Usado,24990.0,Bizkaia,https://www.coches.net/km-0/opel/frontera/vizcaya/12t-xht-hybrid-edct6-107kw-gs-electrico-hibrido-de-km0-70302801-kovn.aspx,0,10,2026-05-08
Fiat,Grande Panda Icon MHEV,2025,3,110,Híbrido,Manual,ECO,Usado,19990.0,Bizkaia,https://www.coches.net/km-0/fiat/grande-panda/vizcaya/icon-mhev-81kw-110cv-electrico-hibrido-de-km0-70302802-kovn.aspx,1,3,2026-05-08
Peugeot,2008 N2008 GT Hybrid 145 eDCS6,2008,10,145,Híbrido,Manual,ECO,Usado,29490.0,Bizkaia,https://www.coches.net/km-0/peugeot/2008/vizcaya/n2008-gt-hybrid-145-edcs6-electrico-hibrido-de-km0-70302804-kovn.aspx,18,1,2026-05-08
Peugeot,208 Allure HYBRID 110 eDCS6,2025,2,110,Híbrido,Manual,ECO,Usado,21990.0,Bizkaia,https://www.coches.net/km-0/peugeot/208/vizcaya/allure-hybrid-110-edcs6-electrico-hibrido-de-km0-70302807-kovn.aspx,1,2,2026-05-08
Peugeot,3008 1.2 PureTech SS GT Line,2020,77267,130,Gasolina,Manual,C,Usado,16990.0,Gipuzkoa,https://www.coches.net/peugeot-3008-12-puretech-96kw-130cv-ss-gt-line-5p-gasolina-2020-en-guipuzcoa-70302991-covo.aspx,6,12878,2026-05-08
Jeep,Avenger BEV Longitude,2024,9000,156,Eléctrico,Automática,Sin etiqueta,Usado,27990.0,Gipuzkoa,https://www.coches.net/jeep-avenger-bev-115kw-156cv-longitude-5p-electrico-hibrido-2024-en-guipuzcoa-70302993-covo.aspx,2,4500,2026-05-08
Peugeot,2008 GT Line Puretech 130 SS BVM6,2008,43732,130,Gasolina,Manual,C,Usado,16990.0,Gipuzkoa,https://www.coches.net/peugeot-2008-gt-line-puretech-130-ss-bvm6-5p-gasolina-2020-en-guipuzcoa-70302994-covo.aspx,18,2430,2026-05-08
Fiat,Grande Panda Icon MHEV,2025,3,110,Híbrido,Manual,ECO,Usado,19990.0,Gipuzkoa,https://www.coches.net/km-0/fiat/grande-panda/guipuzcoa/icon-mhev-81kw-110cv-electrico-hibrido-de-km0-70303000-kovn.aspx,1,3,2026-05-08
Citroen,C5 Aircross HYBRID eDCS6 Max,2025,2,145,Híbrido,Manual,ECO,Usado,33490.0,Gipuzkoa,https://www.coches.net/km-0/citroen/c5-aircross/guipuzcoa/hybrid-107kw-145cv-edcs6-max-electrico-hibrido-de-km0-70303003-kovn.aspx,1,2,2026-05-08
Seat,Ibiza 1.0 EcoTSI Style,2019,94886,95,Gasolina,Manual,C,Usado,12490.0,A Coruña,https://www.coches.net/seat-ibiza-10-ecotsi-70kw-95cv-style-5p-gasolina-2019-en-a-coruna-70303675-covo.aspx,7,13555,2026-05-08
Audi,A3 RS3 Sportback TFSI quattro S tron,2023,19886,400,Gasolina,Manual,C,Usado,79900.0,Murcia,https://www.coches.net/audi-a3-rs3-sportback-tfsi-294kw-quattro-s-tron-5p-gasolina-2023-en-murcia-70305297-covo.aspx,3,6629,2026-05-08
Mercedes-Benz,Clase E Coupe E 220 CDI Blue Efficiency Avantg.,2010,329000,170,Diésel,Manual,B,Usado,8970.0,Madrid,https://www.coches.net/mercedes-benz-clase-e-coupe-e-220-cdi-blue-efficiency-avantg-2p-diesel-2011-en-madrid-70307026-covo.aspx,16,20562,2026-05-08
Bmw,Serie 2 M2 Competition,2019,52000,410,Gasolina,Manual,C,Usado,53900.0,Murcia,https://www.coches.net/bmw-serie-2-m2-competition-2p-gasolina-2020-en-murcia-70307061-covo.aspx,7,7429,2026-05-08
Audi,A5 Coupe 2.0 TDI S line edition,2013,277000,177,Diésel,Manual,B,Usado,9970.0,Madrid,https://www.coches.net/audi-a5-coupe-20-tdi-177cv-s-line-edition-2p-diesel-2014-en-madrid-70307083-covo.aspx,13,21308,2026-05-08
Opel,Corsa 1.4 Selective,2017,114000,90,Gasolina,Manual,C,Usado,7970.0,Madrid,https://www.coches.net/opel-corsa-14-selective-66kw-90cv-5p-gasolina-2018-en-madrid-70307129-covo.aspx,9,12667,2026-05-08
Renault,Clio Business Blue dCi,2020,126000,85,Diésel,Manual,C,Usado,10470.0,Madrid,https://www.coches.net/renault-clio-business-blue-dci-63-kw-85cv-5p-diesel-2019-en-madrid-70307206-covo.aspx,6,21000,2026-05-08
Audi,Q3 Advanced 35 TDI S tronic,2023,58000,150,Diésel,Automática,C,Usado,30900.0,Pontevedra,https://www.coches.net/audi-q3-advanced-35-tdi-110kw-150cv-s-tronic-5p-diesel-2023-en-pontevedra-70307335-covo.aspx,3,19333,2026-05-08
Porsche,911 Turbo,2022,60990,580,Gasolina,Manual,C,Usado,199900.0,Guadalajara,https://www.coches.net/porsche-911-turbo-2p-gasolina-2022-en-guadalajara-70307360-covo.aspx,4,15248,2026-05-08
Audi,Q5 Design 2.0 TDI quattro S tronic,2018,92318,190,Diésel,Automática,C,Usado,30900.0,Guadalajara,https://www.coches.net/audi-q5-design-20-tdi-140kw-quattro-s-tronic-5p-diesel-2018-en-guadalajara-70307451-covo.aspx,8,11540,2026-05-08
Volkswagen,Golf GTI Clubsport 2.0 TSI DSG,2023,35169,301,Gasolina,Automática,C,Usado,38990.0,Madrid,https://www.coches.net/volkswagen-golf-gti-clubsport-20-tsi-221kw-300cv-dsg-5p-gasolina-2023-en-madrid-70307528-covo.aspx,3,11723,2026-05-08
Seat,Arona 1.0 TSI Style XL Edition,2023,70000,110,Gasolina,Manual,C,Usado,15990.0,Sta. C. Tenerife,https://www.coches.net/seat-arona-10-tsi-81kw-110cv-style-xl-edition-5p-gasolina-2023-en-sta-c-tenerife-70307572-covo.aspx,3,23333,2026-05-08
Seat,Arona 1.0 TSI Style XL Edition,2023,75000,110,Gasolina,Manual,C,Usado,15990.0,Sta. C. Tenerife,https://www.coches.net/seat-arona-10-tsi-81kw-110cv-style-xl-edition-5p-gasolina-2023-en-sta-c-tenerife-70307573-covo.aspx,3,25000,2026-05-08
Omoda,5 1.6 TGDI DCT,2023,45000,197,Gasolina,Automática,C,Usado,22990.0,Sta. C. Tenerife,https://www.coches.net/omoda-5-16-tgdi-145kw-197cv-dct-5p-gasolina-2023-en-sta-c-tenerife-70307574-covo.aspx,3,15000,2026-05-08
Volkswagen,Golf R 2.0 TSI BMT 4Motion DSG,2016,160000,300,Gasolina,Automática,C,Usado,22990.0,Madrid,https://www.coches.net/volkswagen-golf-r-20-tsi-300cv-bmt-4motion-dsg-3p-gasolina-2017-en-madrid-70307968-covo.aspx,10,16000,2026-05-08
Bmw,Serie 3 M3 Comp. Touring M xDrive,2024,60000,530,Gasolina,Manual,C,Usado,94900.0,Murcia,https://www.coches.net/bmw-serie-3-m3-comp-touring-m-xdrive-5p-gasolina-2025-en-murcia-70308164-covo.aspx,2,30000,2026-05-08
Seat,Tarraco 1.5 TSI StSp Style XL,2022,88541,150,Gasolina,Manual,C,Usado,21990.0,Castellón,https://www.coches.net/seat-tarraco-15-tsi-110kw-stsp-style-xl-5p-gasolina-2023-en-castellon-70308940-covo.aspx,4,22135,2026-05-08
Mazda,MX-30 eSKYACT REV MAKOTO PREM.SUNRF Mod.Conf,2024,100,170,Híbrido Enchufable,Manual,0_EMISIONES,Usado,34000.0,A Coruña,https://www.coches.net/mazda-mx-30-eskyact-rev-makoto-premsunrf-modconf-5p-electrico-hibrido-2022-en-a-coruna-70312269-covo.aspx,2,50,2026-05-08
Ford,Fiesta 1.6 TDCi Sport Coupe,2007,229500,90,Diésel,Manual,B,Usado,5999.0,Alicante,https://www.coches.net/ford-fiesta-16-tdci-sport-coupe-3p-diesel-2007-en-alicante-70313146-covo.aspx,19,12079,2026-05-08
Seat,Arona 1.0 TSI Xperience,2025,27467,115,Gasolina,Manual,C,Usado,19900.0,Jaén,https://www.coches.net/seat-arona-10-tsi-85kw-115cv-xperience-5p-gasolina-2025-en-jaen-70313200-covo.aspx,1,27467,2026-05-08
Peugeot,3008 1.5L BlueHDi SS GT Line,2018,73630,130,Diésel,Manual,C,Usado,16990.0,Bizkaia,https://www.coches.net/peugeot-3008-15l-bluehdi-96kw-130cv-ss-gt-line-5p-diesel-2018-en-vizcaya-70313533-covo.aspx,8,9204,2026-05-08
Peugeot,3008 1.2 PureTech SS GT EAT8,2022,39320,130,Gasolina,Manual,C,Usado,22990.0,Bizkaia,https://www.coches.net/peugeot-3008-12-puretech-96kw-ss-gt-eat8-5p-gasolina-2022-en-vizcaya-70313535-covo.aspx,4,9830,2026-05-08
Jeep,Compass 1.3 Gse T4 Limited DCT FWD,2022,29780,150,Gasolina,Automática,C,Usado,21990.0,Bizkaia,https://www.coches.net/jeep-compass-13-gse-t4-110kw-150cv-limited-dct-fwd-5p-gasolina-2021-en-vizcaya-70313554-covo.aspx,4,7445,2026-05-08
Citroen,C3 PureTech 105g BUSINESS,2016,58138,82,Gasolina,Manual,C,Usado,7990.0,Bizkaia,https://www.coches.net/citroen-c3-puretech-60kw-82cv-105g-business-5p-gasolina-2016-en-vizcaya-70313555-covo.aspx,10,5814,2026-05-08
Peugeot,5008 1.2 PureTech SS Allure Pack EAT8,2022,58536,130,Gasolina,Manual,C,Usado,23990.0,Bizkaia,https://www.coches.net/peugeot-5008-12-puretech-96kw-ss-allure-pack-eat8-5p-gasolina-2022-en-vizcaya-70313563-covo.aspx,4,14634,2026-05-08
Peugeot,3008 1.5 BlueHDi SS Active Pack,2021,62967,130,Diésel,Manual,C,Usado,17990.0,Bizkaia,https://www.coches.net/peugeot-3008-15-bluehdi-96kw-130cv-ss-active-pack-5p-diesel-2021-en-vizcaya-70313568-covo.aspx,5,12593,2026-05-08
Jeep,Renegade eHybrid Summit 1.5 MHEV 130hp Dct Fwd,2025,3,130,Híbrido,Automática,ECO,Usado,30990.0,Bizkaia,https://www.coches.net/km-0/jeep/renegade/vizcaya/ehybrid-summit-15-mhev-130hp-dct-fwd-electrico-hibrido-de-km0-70313573-kovn.aspx,1,3,2026-05-08
Fiat,Panda Pandina 1.0 Hybrid,2025,10,70,Híbrido,Manual,ECO,Usado,14990.0,Gipuzkoa,https://www.coches.net/km-0/fiat/panda/guipuzcoa/pandina-10-hybrid-51kw-70cv-electrico-hibrido-de-km0-70313829-kovn.aspx,1,10,2026-05-08
Opel,Crossland 1.2 GS Line,2022,29681,110,Gasolina,Manual,C,Usado,14990.0,Gipuzkoa,https://www.coches.net/opel-crossland-12-81kw-110cv-gs-line-5p-gasolina-2022-en-guipuzcoa-70313832-covo.aspx,4,7420,2026-05-08
Peugeot,208 Allure HYBRID 110 eDCS6,2025,2,110,Híbrido,Manual,ECO,Usado,21990.0,Gipuzkoa,https://www.coches.net/km-0/peugeot/208/guipuzcoa/allure-hybrid-110-edcs6-electrico-hibrido-de-km0-70313833-kovn.aspx,1,2,2026-05-08
Peugeot,3008 1.2 PureTech SS GT EAT8,2022,39320,130,Gasolina,Manual,C,Usado,22990.0,Gipuzkoa,https://www.coches.net/peugeot-3008-12-puretech-96kw-ss-gt-eat8-5p-gasolina-2022-en-guipuzcoa-70313837-covo.aspx,4,9830,2026-05-08
Peugeot,3008 1.5L BlueHDi SS GT Line,2018,73630,130,Diésel,Manual,C,Usado,16990.0,Gipuzkoa,https://www.coches.net/peugeot-3008-15l-bluehdi-96kw-130cv-ss-gt-line-5p-diesel-2018-en-guipuzcoa-70313840-covo.aspx,8,9204,2026-05-08
Jeep,Compass 1.3 Gse T4 Limited DCT FWD,2022,29780,150,Gasolina,Automática,C,Usado,21990.0,Gipuzkoa,https://www.coches.net/jeep-compass-13-gse-t4-110kw-150cv-limited-dct-fwd-5p-gasolina-2021-en-guipuzcoa-70313845-covo.aspx,4,7445,2026-05-08
Jeep,Renegade eHyb. North Star 1.5 MHEV 130hp Dct Fwd,2025,2,130,Híbrido,Automática,ECO,Usado,29990.0,Gipuzkoa,https://www.coches.net/km-0/jeep/renegade/guipuzcoa/ehyb-north-star-15-mhev-130hp-dct-fwd-electrico-hibrido-de-km0-70313852-kovn.aspx,1,2,2026-05-08
Citroen,C3 Aircross PureTech SS FEE,2020,56397,110,Gasolina,Manual,C,Usado,11890.0,Málaga,https://www.coches.net/citroen-c3-aircross-puretech-81kw-110cv-ss-fee-5p-gasolina-2020-en-malaga-70314056-covo.aspx,6,9400,2026-05-08
Bmw,Serie 4 420d,2022,39000,190,Híbrido,Manual,ECO,Usado,39900.0,Zamora,https://www.coches.net/bmw-serie-4-420d-2p-electrico-hibrido-2023-en-zamora-70315891-covo.aspx,4,9750,2026-05-08
Volvo,V60 2.0 T4 Momentum Auto,2015,174061,190,Gasolina,Manual,C,Usado,10990.0,Sta. C. Tenerife,https://www.coches.net/volvo-v60-20-t4-momentum-auto-5p-gasolina-2016-en-sta-c-tenerife-70316143-covo.aspx,11,15824,2026-05-08
Audi,A4 Avant 2.0 TDI S tronic,2015,129924,150,Diésel,Automática,C,Usado,14590.0,Madrid,https://www.coches.net/audi-a4-avant-20-tdi-150cv-s-tronic-5p-diesel-2016-en-madrid-70316380-covo.aspx,11,11811,2026-05-08
Land Rover,Range Rover Velar 2.0 D180 S 4WD Auto,2019,103135,180,Diésel,Manual,C,Usado,24890.0,Madrid,https://www.coches.net/land-rover-range-rover-velar-20-d180-132kw-180cv-s-4wd-auto-5p-diesel-2020-en-madrid-70316383-covo.aspx,7,14734,2026-05-08
Toyota,Corolla 1.8 125H STYLE ECVT,2022,104000,122,Híbrido,Automática,ECO,Usado,19890.0,Madrid,https://www.coches.net/toyota-corolla-18-125h-style-ecvt-5p-electrico-hibrido-2022-en-madrid-70321753-covo.aspx,4,26000,2026-05-08
Toyota,Corolla 140H Active Plus Touring Sport,2025,8000,140,Híbrido,Manual,ECO,Usado,27490.0,Madrid,https://www.coches.net/toyota-corolla-140h-active-plus-touring-sport-5p-electrico-hibrido-2025-en-madrid-70321754-covo.aspx,1,8000,2026-05-08
Kia,XCeed 1.6 GDi PHEV eDrive,2022,9588,141,Híbrido Enchufable,Automática,0_EMISIONES,Usado,23790.0,Sevilla,https://www.coches.net/kia-xceed-16-gdi-phev-104kw-141cv-edrive-5p-electrico-hibrido-2022-en-sevilla-70322384-covo.aspx,4,2397,2026-05-08
Bmw,Serie 1 120,2025,15231,170,Híbrido,Manual,ECO,Usado,33900.0,Sta. C. Tenerife,https://www.coches.net/bmw-serie-1-120-5p-electrico-hibrido-2025-en-sta-c-tenerife-70322401-covo.aspx,1,15231,2026-05-08
Fiat,Tipo 1.3 Lounge diesel Multijet,2016,152000,95,Diésel,Manual,C,Usado,8900.0,Salamanca,https://www.coches.net/fiat-tipo-13-lounge-70kw-95cv-diesel-multijet-4p-diesel-2016-en-salamanca-70323262-covo.aspx,10,15200,2026-05-08
Renault,Clio Dynamique Energy TCe 90 SS eco2,2015,107989,90,Gasolina,Manual,C,Usado,9500.0,Salamanca,https://www.coches.net/renault-clio-dynamique-energy-tce-90-ss-eco2-5p-gasolina-2013-en-salamanca-70323263-covo.aspx,11,9817,2026-05-08
Volvo,XC60 2.0 T8 AWD Business Plus Auto,2020,132456,390,Híbrido Enchufable,Manual,0_EMISIONES,Usado,27990.0,Salamanca,https://www.coches.net/volvo-xc60-20-t8-awd-business-plus-auto-5p-electrico-hibrido-2020-en-salamanca-70323265-covo.aspx,6,22076,2026-05-08
Peugeot,Rifter GT Long BlueHDi,2022,43955,130,Diésel,Manual,C,Usado,24990.0,Salamanca,https://www.coches.net/peugeot-rifter-gt-long-bluehdi-96kw-5p-diesel-2021-en-salamanca-70323267-covo.aspx,4,10989,2026-05-08
Mini,COUNTRYMAN Cooper,2022,43200,136,Gasolina,Manual,C,Usado,26900.0,Madrid,https://www.coches.net/mini-countryman-cooper-5p-gasolina-2022-en-madrid-70324200-covo.aspx,4,10800,2026-05-08
Mini,MINI John Cooper Works,2008,188652,211,Gasolina,Manual,C,Usado,7990.0,Sevilla,https://www.coches.net/mini-mini-john-cooper-works-3p-gasolina-2008-en-sevilla-70324458-covo.aspx,18,10481,2026-05-08
Fiat,Panda City Cross 1.0 Gse,2023,70000,70,Híbrido,Manual,ECO,Usado,10985.0,Sta. C. Tenerife,https://www.coches.net/fiat-panda-city-cross-10-gse-51kw-70cv-5p-electrico-hibrido-2022-en-sta-c-tenerife-70325980-covo.aspx,3,23333,2026-05-08
Toyota,Proace Verso Family L1 2.2D 8AT Advance,2025,21,180,Diésel,Automática,C,Usado,44890.0,Madrid,https://www.coches.net/toyota-proace-verso-family-l1-22d-180cv-8at-advance-8p-5p-diesel-2026-en-madrid-70326026-covo.aspx,1,21,2026-05-08
Toyota,C-HR 1.8 140H Advance,2024,8837,140,Híbrido,Manual,ECO,Usado,30890.0,Madrid,https://www.coches.net/toyota-c-hr-18-140h-advance-5p-electrico-hibrido-2024-en-madrid-70326031-covo.aspx,2,4418,2026-05-08
Mg,MG3 1.5 Comfort,2025,8955,116,Gasolina,Manual,C,Usado,16990.0,Madrid,https://www.coches.net/mg-mg3-15-comfort-5p-gasolina-2024-en-madrid-70326276-covo.aspx,1,8955,2026-05-08
Mg,MG3 1.5 Comfort,2026,13,116,Gasolina,Manual,C,Usado,18500.0,Madrid,https://www.coches.net/km-0/mg/mg3/madrid/15-comfort-gasolina-de-km0-70326277-kovn.aspx,0,13,2026-05-08
Bmw,Serie 4 420i Cabrio,2022,58000,184,Gasolina,Manual,C,Usado,36390.0,Málaga,https://www.coches.net/bmw-serie-4-420i-cabrio-2p-gasolina-2022-en-malaga-70326400-covo.aspx,4,14500,2026-05-08
Volvo,V60 2.0 D4 Momentum Auto,2016,124448,190,Diésel,Manual,C,Usado,14490.0,Madrid,https://www.coches.net/volvo-v60-20-d4-momentum-auto-5p-diesel-2017-en-madrid-70326795-covo.aspx,10,12445,2026-05-08
Audi,A3 Sportback Advanced 30 TFSI S tronic,2024,16458,110,Híbrido,Automática,ECO,Usado,26990.0,Madrid,https://www.coches.net/audi-a3-sportback-advanced-30-tfsi-81kw-s-tronic-5p-electrico-hibrido-2024-en-madrid-70326799-covo.aspx,2,8229,2026-05-08
Mercedes-Benz,GLE GLE 350 e 4MATIC Hibrido Enchufable,2021,95918,333,Híbrido Enchufable,Manual,0_EMISIONES,Usado,46890.0,Madrid,https://www.coches.net/mercedes-benz-gle-gle-350-e-4matic-hibrido-enchufable-5p-electrico-hibrido-2020-en-madrid-70326804-covo.aspx,5,19184,2026-05-08
Volvo,XC60 2.0 T6 AWD Recharge Core Auto,2022,96310,350,Híbrido Enchufable,Manual,0_EMISIONES,Usado,33400.0,Madrid,https://www.coches.net/volvo-xc60-20-t6-awd-recharge-core-auto-5p-electrico-hibrido-2024-en-madrid-70326809-covo.aspx,4,24078,2026-05-08
Porsche,Macan Macan,2021,105750,265,Gasolina,Manual,C,Usado,49590.0,Madrid,https://www.coches.net/porsche-macan-macan-5p-gasolina-2022-en-madrid-70326812-covo.aspx,5,21150,2026-05-08
Bmw,Serie 3 318d Touring,2015,141668,143,Diésel,Manual,C,Usado,13890.0,Madrid,https://www.coches.net/bmw-serie-3-318d-touring-5p-diesel-2015-en-madrid-70326825-covo.aspx,11,12879,2026-05-08
Bmw,Serie 5 520dA Touring,2014,150503,190,Diésel,Manual,B,Usado,16610.0,Madrid,https://www.coches.net/bmw-serie-5-520da-touring-5p-diesel-2015-en-madrid-70326895-covo.aspx,12,12542,2026-05-08
Mercedes-Benz,Clase C C 200 d,2018,58816,136,Diésel,Manual,C,Usado,23890.0,Madrid,https://www.coches.net/mercedes-benz-clase-c-c-200-d-4p-diesel-2018-en-madrid-70326900-covo.aspx,8,7352,2026-05-08
Cupra,Formentor 1.4 eHybrid 245 CV VZ DSG,2023,75467,245,Híbrido Enchufable,Automática,0_EMISIONES,Usado,29490.0,Madrid,https://www.coches.net/cupra-formentor-14-ehybrid-180kw-245-cv-vz-dsg-5p-electrico-hibrido-2023-en-madrid-70326913-covo.aspx,3,25156,2026-05-08
Dacia,Duster Journey Go TCE 96kW130CV 4X2,2025,8307,130,Gasolina,Manual,C,Usado,24750.0,Madrid,https://www.coches.net/dacia-duster-journey-go-tce-96kw130cv-4x2-5p-gasolina-2023-en-madrid-70326916-covo.aspx,1,8307,2026-05-08
Mercedes-Benz,EQS EQS 580 4MATIC,2023,11736,544,Eléctrico,Automática,Sin etiqueta,Usado,75990.0,Madrid,https://www.coches.net/mercedes-benz-eqs-eqs-580-4matic-5p-electrico-hibrido-2024-en-madrid-70326934-covo.aspx,3,3912,2026-05-08
Bmw,i3 94ah,2018,38276,170,Eléctrico,Automática,Sin etiqueta,Usado,15790.0,Madrid,https://www.coches.net/bmw-i3-94ah-5p-electrico-hibrido-2019-en-madrid-70326938-covo.aspx,8,4784,2026-05-08
Mercedes-Benz,Clase C C 200,2022,115397,204,Híbrido,Manual,ECO,Usado,31590.0,Madrid,https://www.coches.net/mercedes-benz-clase-c-c-200-4p-electrico-hibrido-2021-en-madrid-70326940-covo.aspx,4,28849,2026-05-08
Mercedes-Benz,GLB 2.0 GLB 220 D 4MATIC DCT,2021,80960,190,Diésel,Automática,C,Usado,33790.0,Madrid,https://www.coches.net/mercedes-benz-glb-20-glb-220-d-4matic-dct-140kw-190cv-5p-diesel-2021-en-madrid-70326941-covo.aspx,5,16192,2026-05-08
Bmw,Serie 5 528i,2012,123904,245,Gasolina,Manual,C,Usado,18490.0,Madrid,https://www.coches.net/bmw-serie-5-528i-4p-gasolina-2013-en-madrid-70326943-covo.aspx,14,8850,2026-05-08
Audi,Q5 35 TDI S tronic,2021,71879,163,Híbrido,Automática,ECO,Usado,33900.0,Madrid,https://www.coches.net/audi-q5-35-tdi-120kw-163cv-s-tronic-5p-electrico-hibrido-2021-en-madrid-70326947-covo.aspx,5,14376,2026-05-08
Mercedes-Benz,Clase E E 300 de,2019,136274,306,Híbrido Enchufable,Manual,0_EMISIONES,Usado,28950.0,Madrid,https://www.coches.net/mercedes-benz-clase-e-e-300-de-4p-electrico-hibrido-2019-en-madrid-70326948-covo.aspx,7,19468,2026-05-08
Toyota,Corolla 140H Style,2024,14299,140,Híbrido,Manual,ECO,Usado,23500.0,Valencia,https://www.coches.net/toyota-corolla-140h-style-4p-electrico-hibrido-2024-en-valencia-70328668-covo.aspx,2,7150,2026-05-08
Volkswagen,T-Cross Advance 1.0 TSI,2019,148911,95,Gasolina,Manual,C,Usado,12990.0,Salamanca,https://www.coches.net/volkswagen-t-cross-advance-10-tsi-70kw-95cv-5p-gasolina-2020-en-salamanca-70328787-covo.aspx,7,21273,2026-05-08
Nissan,LEAF 40kWh Acenta,2022,99000,150,Eléctrico,Automática,Sin etiqueta,Usado,11550.0,Madrid,https://www.coches.net/nissan-leaf-40kwh-acenta-5p-electrico-hibrido-2022-en-madrid-70329667-covo.aspx,4,24750,2026-05-08
Peugeot,508 Hybrid Allure HYBRID 225 eEAT8,2021,115000,225,Híbrido Enchufable,Manual,0_EMISIONES,Usado,16250.0,Madrid,https://www.coches.net/peugeot-508-hybrid-5p-allure-hybrid-225-eeat8-5p-electrico-hibrido-2021-en-madrid-70329668-covo.aspx,5,23000,2026-05-08
Opel,Corsa-e 50kWh Elegancee,2021,99990,136,Eléctrico,Automática,Sin etiqueta,Usado,15350.0,Madrid,https://www.coches.net/opel-corsa-e-50kwh-elegancee-5p-electrico-hibrido-2022-en-madrid-70329669-covo.aspx,5,19998,2026-05-08
Toyota,Rav4 2.5l 220H Luxury,2020,104000,218,Híbrido,Manual,ECO,Usado,31000.0,Madrid,https://www.coches.net/toyota-rav4-25l-220h-luxury-5p-electrico-hibrido-2021-en-madrid-70330470-covo.aspx,6,17333,2026-05-08
Mercedes-Benz,GLA GLA 200,2026,3000,163,Híbrido,Manual,ECO,Usado,43900.0,Gipuzkoa,https://www.coches.net/km-0/mercedes-benz/gla/guipuzcoa/gla-200-electrico-hibrido-de-km0-70331002-kovn.aspx,0,3000,2026-05-08
Mercedes-Benz,GLC Coupé GLC 200 d 4MATIC,2021,84000,163,Diésel,Manual,C,Usado,41900.0,Alicante,https://www.coches.net/mercedes-benz-glc-coupe-glc-200-d-4matic-5p-diesel-2022-en-alicante-70331482-covo.aspx,5,16800,2026-05-08
Bmw,Serie 4 420d Gran Coupe,2023,90000,190,Híbrido,Manual,ECO,Usado,38900.0,Zamora,https://www.coches.net/bmw-serie-4-420d-gran-coupe-5p-electrico-hibrido-2024-en-zamora-70333135-covo.aspx,3,30000,2026-05-08
Mercedes-Benz,Clase C C 250 CDI 4MATIC BE Avantgarde Estate,2013,179500,204,Diésel,Manual,B,Usado,14999.0,Alicante,https://www.coches.net/mercedes-benz-clase-c-c-250-cdi-4matic-be-avantgarde-estate-5p-diesel-2013-en-alicante-70334797-covo.aspx,13,13808,2026-05-08
Bmw,Serie 4 420i,2023,30000,184,Gasolina,Manual,C,Usado,41900.0,Alicante,https://www.coches.net/bmw-serie-4-420i-2p-gasolina-2024-en-alicante-70336376-covo.aspx,3,10000,2026-05-08
Mini,MINI COOPER CABRIO,2018,52300,136,Gasolina,Manual,C,Usado,21900.0,Madrid,https://www.coches.net/mini-mini-cooper-cabrio-2p-gasolina-2019-en-madrid-70347778-covo.aspx,8,6538,2026-05-08
Toyota,Aygo X Cross 1.0 VVTI Play,2025,11510,72,Gasolina,Manual,C,Usado,14990.0,Sta. C. Tenerife,https://www.coches.net/toyota-aygo-x-cross-10-vvti-72cv-play-5p-gasolina-2023-en-sta-c-tenerife-70348355-covo.aspx,1,11510,2026-05-08
Audi,A5 35 TFSI S tronic Sportback,2019,158500,150,Gasolina,Automática,C,Usado,21250.0,Málaga,https://www.coches.net/audi-a5-35-tfsi-110kw-150cv-s-tronic-sportback-5p-gasolina-2019-en-malaga-70348492-covo.aspx,7,22643,2026-05-08
Mg,MG3 1.5 Comfort,2026,13,116,Gasolina,Manual,C,Usado,18500.0,Madrid,https://www.coches.net/km-0/mg/mg3/madrid/15-comfort-gasolina-de-km0-70349263-kovn.aspx,0,13,2026-05-08
Mg,MG3 Hybrid+ Comfort,2024,13178,195,Híbrido,Manual,ECO,Usado,16500.0,Madrid,https://www.coches.net/mg-mg3-hybrid-comfort-5p-electrico-hibrido-2024-en-madrid-70349265-covo.aspx,2,6589,2026-05-08
Bmw,X2 sDrive16d,2019,130000,116,Diésel,Manual,C,Usado,17990.0,Málaga,https://www.coches.net/bmw-x2-sdrive16d-5p-diesel-2019-en-malaga-70349566-covo.aspx,7,18571,2026-05-08
Lamborghini,Urus 4.0 V8 PHEV SE,2026,300,800,Híbrido Enchufable,Manual,0_EMISIONES,Usado,359990.0,Málaga,https://www.coches.net/lamborghini-urus-40-v8-phev-se-5p-electrico-hibrido-2026-en-malaga-70349576-covo.aspx,0,300,2026-05-08
Hyundai,Tucson 1.6 TGDI Klass,2023,103630,150,Gasolina,Manual,C,Usado,18990.0,Castellón,https://www.coches.net/hyundai-tucson-16-tgdi-110kw-150cv-klass-5p-gasolina-2023-en-castellon-70349597-covo.aspx,3,34543,2026-05-08
Toyota,Rav4 2.5l hybrid 2WD Advance Pack Drive,2018,106418,197,Híbrido,Manual,ECO,Usado,21490.0,Castellón,https://www.coches.net/toyota-rav4-25l-hybrid-2wd-advance-pack-drive-5p-electrico-hibrido-2019-en-castellon-70350019-covo.aspx,8,13302,2026-05-08
Renault,Trafic Authentic Largo En Blue dCi,2023,17000,110,Diésel,Manual,C,Usado,31990.0,Madrid,https://www.coches.net/renault-trafic-authentic-largo-en-blue-dci-81kw-110cv-4p-diesel-2023-en-madrid-70351128-covo.aspx,3,5667,2026-05-08
Volkswagen,T-Roc Edition 1.6 TDI,2020,91400,115,Diésel,Manual,C,Usado,17990.0,Madrid,https://www.coches.net/volkswagen-t-roc-edition-16-tdi-85kw-115cv-5p-diesel-2020-en-madrid-70351129-covo.aspx,6,15233,2026-05-08
Renault,Clio Techno TCe,2024,17500,90,Gasolina,Manual,C,Usado,16890.0,Madrid,https://www.coches.net/renault-clio-techno-tce-67-kw-91cv-5p-gasolina-2022-en-madrid-70351130-covo.aspx,2,8750,2026-05-08
Seat,León ST 1.5 EcoTSI DSG SS Xcellence Ed,2019,102732,150,Gasolina,Automática,C,Usado,16990.0,Madrid,https://www.coches.net/seat-leon-st-15-ecotsi-110kw-dsg-ss-xcellence-ed-5p-gasolina-2019-en-madrid-70351134-covo.aspx,7,14676,2026-05-08
Ford,Focus 1.5 Ecoblue STLine Auto,2019,189595,120,Diésel,Manual,C,Usado,11990.0,Madrid,https://www.coches.net/ford-focus-15-ecoblue-88kw-stline-auto-5p-diesel-2019-en-madrid-70351137-covo.aspx,7,27085,2026-05-08
Bmw,X3 xDrive30d,2020,161415,265,Diésel,Manual,C,Usado,32800.0,A Coruña,https://www.coches.net/bmw-x3-xdrive30d-5p-diesel-2020-en-a-coruna-70351797-covo.aspx,6,26902,2026-05-08
Bmw,X1 sDrive18i,2023,67803,136,Gasolina,Manual,C,Usado,34900.0,Valladolid,https://www.coches.net/bmw-x1-sdrive18i-5p-gasolina-2023-en-valladolid-70353821-covo.aspx,3,22601,2026-05-08
Audi,Q3 Sportback 35 TFSI S tronic S Line,2021,67605,150,Híbrido,Automática,ECO,Usado,33900.0,Valladolid,https://www.coches.net/audi-q3-sportback-35-tfsi-110kw-150cv-s-tronic-s-line-5p-electrico-hibrido-2022-en-valladolid-70354290-covo.aspx,5,13521,2026-05-08
Toyota,Yaris 1.0 70 Active,2017,98553,69,Gasolina,Manual,C,Usado,10400.0,Valencia,https://www.coches.net/toyota-yaris-10-70-active-5p-gasolina-2017-en-valencia-70354428-covo.aspx,9,10950,2026-05-08
Audi,A3 Sportback Design 30 gtron S tronic,2020,61000,131,,Automática,Sin etiqueta,Usado,19900.0,Madrid,https://www.coches.net/audi-a3-sportback-design-30-gtron-96kw-s-tronic-5p-otros-2020-en-madrid-70355322-covo.aspx,6,10167,2026-05-08
Hyundai,IONIQ 1.6 GDI PHEV Tecno DCT,2022,115000,141,Híbrido Enchufable,Automática,0_EMISIONES,Usado,14850.0,Madrid,https://www.coches.net/hyundai-ioniq-16-gdi-phev-tecno-dct-5p-electrico-hibrido-2021-en-madrid-70355420-covo.aspx,4,28750,2026-05-08
Peugeot,508 SW Active Pack BlueHDi 130 SS EAT8,2022,90000,130,Diésel,Manual,C,Usado,14300.0,Madrid,https://www.coches.net/peugeot-508-sw-active-pack-bluehdi-130-ss-eat8-5p-diesel-2022-en-madrid-70355421-covo.aspx,4,22500,2026-05-08
Nissan,LEAF 40kWh Acenta,2022,64000,150,Eléctrico,Automática,Sin etiqueta,Usado,12400.0,Madrid,https://www.coches.net/nissan-leaf-40kwh-acenta-5p-electrico-hibrido-2022-en-madrid-70355423-covo.aspx,4,16000,2026-05-08
Skoda,Karoq 1.0 TSI Ambition,2023,74000,110,Gasolina,Manual,C,Usado,18990.0,Las Palmas,https://www.coches.net/skoda-karoq-10-tsi-81kw-110cv-ambition-5p-gasolina-2023-en-las-palmas-70358182-covo.aspx,3,24667,2026-05-08
Skoda,Karoq 1.0 TSI Ambition,2023,74000,110,Gasolina,Manual,C,Usado,18990.0,Sta. C. Tenerife,https://www.coches.net/skoda-karoq-10-tsi-81kw-110cv-ambition-5p-gasolina-2023-en-sta-c-tenerife-70358451-covo.aspx,3,24667,2026-05-08
Land Rover,Range Rover 3.0 TDV6 VOGUE,2013,289000,258,Diésel,Manual,B,Usado,22900.0,Barcelona,https://www.coches.net/land-rover-range-rover-30-tdv6-258cv-vogue-5p-diesel-2014-en-barcelona-70358542-covo.aspx,13,22231,2026-05-08
Toyota,Proace City Verso 1.5D Family Active L1,2024,35000,131,Diésel,Manual,C,Usado,20990.0,Las Palmas,https://www.coches.net/toyota-proace-city-verso-15d-96kw-130cv-family-active-l1-5p-diesel-2022-en-las-palmas-70358966-covo.aspx,2,17500,2026-05-08
Fiat,500 Connect 1.0 Hybrid 70 CV,2022,78000,70,Híbrido,Manual,ECO,Usado,9990.0,Las Palmas,https://www.coches.net/fiat-500-connect-10-hybrid-51kw-70-cv-3p-electrico-hibrido-2021-en-las-palmas-70359120-covo.aspx,4,19500,2026-05-08
Toyota,Proace City Verso 1.5D Family Active L1,2024,35000,131,Diésel,Manual,C,Usado,20990.0,Sta. C. Tenerife,https://www.coches.net/toyota-proace-city-verso-15d-96kw-130cv-family-active-l1-5p-diesel-2022-en-sta-c-tenerife-70359129-covo.aspx,2,17500,2026-05-08
Honda,Civic 2.0 iMMD Sport CVT,2025,1,184,Híbrido,Automática,ECO,Usado,35600.0,Navarra,https://www.coches.net/honda-civic-20-immd-sport-cvt-5p-electrico-hibrido-2026-en-navarra-70359178-covo.aspx,1,1,2026-05-08
Kia,Sportage 1.7 CRDi VGT GT Line 4x2 EcoDynam,2017,112000,115,Diésel,Manual,C,Usado,17900.0,Pontevedra,https://www.coches.net/kia-sportage-17-crdi-vgt-85-kw-gt-line-4x2-ecodynam-5p-diesel-2017-en-pontevedra-70359491-covo.aspx,9,12444,2026-05-08
Seat,Ibiza 1.0 TSI FR Salta,2025,14500,115,Gasolina,Manual,C,Usado,19300.0,Bizkaia,https://www.coches.net/seat-ibiza-10-tsi-85kw-115cv-fr-salta-5p-gasolina-2026-en-vizcaya-70359710-covo.aspx,1,14500,2026-05-08
Bmw,X1 xDrive25e,2021,94000,220,Híbrido Enchufable,Manual,0_EMISIONES,Usado,20650.0,Madrid,https://www.coches.net/bmw-x1-xdrive25e-5p-electrico-hibrido-2021-en-madrid-70359751-covo.aspx,5,18800,2026-05-08
Peugeot,3008 1.5 BlueHDi SS Style,2021,145000,130,Diésel,Manual,C,Usado,12650.0,Madrid,https://www.coches.net/peugeot-3008-15-bluehdi-96kw-130cv-ss-style-5p-diesel-2021-en-madrid-70359752-covo.aspx,5,29000,2026-05-08
Opel,Mokka 1.5 D GS Line,2022,114000,110,Diésel,Manual,C,Usado,13750.0,Madrid,https://www.coches.net/opel-mokka-15-d-gs-line-5p-diesel-2022-en-madrid-70359753-covo.aspx,4,28500,2026-05-08
Peugeot,308 SW Business Line BlueHDi 130 SS 6vel MA,2020,139000,130,Diésel,Manual,C,Usado,8750.0,Madrid,https://www.coches.net/peugeot-308-sw-business-line-bluehdi-130-ss-6vel-ma-5p-diesel-2019-en-madrid-70359756-covo.aspx,6,23167,2026-05-08
Hyundai,i30 1.0 TGDI 48V Klass,2022,157000,120,Híbrido,Manual,ECO,Usado,11450.0,Madrid,https://www.coches.net/hyundai-i30-10-tgdi-48v-klass-5p-electrico-hibrido-2020-en-madrid-70359757-covo.aspx,4,39250,2026-05-08
Volvo,XC40 1.5 T4 Twin Recharge Inscription Ex Auto,2021,139000,211,Híbrido Enchufable,Manual,0_EMISIONES,Usado,20450.0,Madrid,https://www.coches.net/volvo-xc40-15-t4-twin-recharge-inscription-ex-auto-5p-electrico-hibrido-2021-en-madrid-70359760-covo.aspx,5,27800,2026-05-08
Kia,e-Niro eNiro Drive Long Range,2021,149000,204,Eléctrico,Automática,Sin etiqueta,Usado,16900.0,Madrid,https://www.coches.net/kia-e-niro-eniro-150kw-204cv-drive-long-range-5p-electrico-hibrido-2021-en-madrid-70359761-covo.aspx,5,29800,2026-05-08
Volvo,V60 2.0 T6 AWD Recharge RDesign Auto,2021,146000,340,Híbrido Enchufable,Manual,0_EMISIONES,Usado,22950.0,Madrid,https://www.coches.net/volvo-v60-20-t6-awd-recharge-rdesign-auto-5p-electrico-hibrido-2022-en-madrid-70359762-covo.aspx,5,29200,2026-05-08
Seat,León SP 1.4 eHybrid DSG SS FR,2021,151000,204,Híbrido Enchufable,Automática,0_EMISIONES,Usado,15350.0,Madrid,https://www.coches.net/seat-leon-sp-14-ehybrid-dsg-ss-fr-5p-electrico-hibrido-2022-en-madrid-70359763-covo.aspx,5,30200,2026-05-08
Volkswagen,T-Cross Edition 1.0 TSI,2022,152000,95,Gasolina,Manual,C,Usado,13850.0,Madrid,https://www.coches.net/volkswagen-t-cross-edition-10-tsi-70kw-95cv-5p-gasolina-2022-en-madrid-70359764-covo.aspx,4,38000,2026-05-08
Volvo,XC40 1.5 T4 Twin Recharge Essential Auto,2023,94000,211,Híbrido Enchufable,Manual,0_EMISIONES,Usado,22650.0,Madrid,https://www.coches.net/volvo-xc40-15-t4-twin-recharge-essential-auto-5p-electrico-hibrido-2023-en-madrid-70359765-covo.aspx,3,31333,2026-05-08
Seat,León 1.5 eTSI DSG SS Style Spec Ed Vis,2024,19200,150,Híbrido,Automática,ECO,Usado,22400.0,Bizkaia,https://www.coches.net/seat-leon-15-etsi-110kw-dsg-ss-style-spec-ed-vis-5p-electrico-hibrido-2024-en-vizcaya-70359789-covo.aspx,2,9600,2026-05-08
Porsche,Panamera Turbo S EHybrid,2018,125000,680,Híbrido Enchufable,Manual,0_EMISIONES,Usado,84900.0,Madrid,https://www.coches.net/porsche-panamera-turbo-s-ehybrid-5p-electrico-hibrido-2018-en-madrid-70362201-covo.aspx,8,15625,2026-05-08
Toyota,C-HR 2.0 180H GR Sport,2022,96773,184,Híbrido,Manual,ECO,Usado,25490.0,Madrid,https://www.coches.net/toyota-c-hr-20-180h-gr-sport-5p-electrico-hibrido-2022-en-madrid-70362799-covo.aspx,4,24193,2026-05-08
Toyota,C-HR 2.0 220PH Advance,2025,12344,223,Híbrido Enchufable,Manual,0_EMISIONES,Usado,32690.0,Madrid,https://www.coches.net/toyota-c-hr-20-220ph-advance-5p-electrico-hibrido-2025-en-madrid-70362812-covo.aspx,1,12344,2026-05-08
Porsche,Cayenne Coupé EHybrid,2019,135000,462,Híbrido Enchufable,Manual,0_EMISIONES,Usado,59000.0,Murcia,https://www.coches.net/porsche-cayenne-coupe-ehybrid-5p-electrico-hibrido-2020-en-murcia-70362827-covo.aspx,7,19286,2026-05-08
Nissan,QASHQAI DIGT NConnecta,2022,32000,140,Híbrido,Manual,ECO,Usado,23490.0,Toledo,https://www.coches.net/nissan-qashqai-digt-103kw-nconnecta-5p-electrico-hibrido-2023-en-toledo-70362886-covo.aspx,4,8000,2026-05-08
Bmw,Serie 3 320d Auto.,2025,19193,190,Híbrido,Manual,ECO,Usado,43900.0,Sta. C. Tenerife,https://www.coches.net/bmw-serie-3-320d-auto-4p-electrico-hibrido-2025-en-sta-c-tenerife-70362905-covo.aspx,1,19193,2026-05-08
Bmw,X1 xDrive25e,2025,9581,245,Híbrido Enchufable,Manual,0_EMISIONES,Usado,44900.0,Sta. C. Tenerife,https://www.coches.net/bmw-x1-xdrive25e-5p-electrico-hibrido-2025-en-sta-c-tenerife-70362906-covo.aspx,1,9581,2026-05-08
Bmw,Serie 2 Active Tourer 225xe iPerformance,2016,99173,224,Híbrido Enchufable,Manual,0_EMISIONES,Usado,16900.0,Sta. C. Tenerife,https://www.coches.net/bmw-serie-2-active-tourer-225xe-iperformance-5p-electrico-hibrido-2017-en-sta-c-tenerife-70362907-covo.aspx,10,9917,2026-05-08
Bmw,Serie 2 218d Gran Coupe,2025,12698,150,Diésel,Manual,C,Usado,36500.0,Sta. C. Tenerife,https://www.coches.net/bmw-serie-2-218d-gran-coupe-4p-diesel-2025-en-sta-c-tenerife-70362908-covo.aspx,1,12698,2026-05-08
Toyota,Rav4 2.5l 220H Advance,2020,91828,218,Híbrido,Manual,ECO,Usado,30890.0,Madrid,https://www.coches.net/toyota-rav4-25l-220h-advance-5p-electrico-hibrido-2020-en-madrid-70362913-covo.aspx,6,15305,2026-05-08
Toyota,Yaris Cross 1.5 120H Active Tech,2022,29912,116,Híbrido,Manual,ECO,Usado,23890.0,Madrid,https://www.coches.net/toyota-yaris-cross-15-120h-active-tech-5p-electrico-hibrido-2023-en-madrid-70362917-covo.aspx,4,7478,2026-05-08
Toyota,Yaris Cross 1.5 130H Active Plus,2025,5417,130,Híbrido,Manual,ECO,Usado,26490.0,Madrid,https://www.coches.net/toyota-yaris-cross-15-130h-active-plus-5p-electrico-hibrido-2025-en-madrid-70362923-covo.aspx,1,5417,2026-05-08
Toyota,Yaris 1.5 120H Active Plus,2025,3192,116,Híbrido,Manual,ECO,Usado,21990.0,Madrid,https://www.coches.net/toyota-yaris-15-120h-active-plus-5p-electrico-hibrido-2025-en-madrid-70363021-covo.aspx,1,3192,2026-05-08
Toyota,Yaris 1.5 120H Active Plus,2025,8206,116,Híbrido,Manual,ECO,Usado,21890.0,Madrid,https://www.coches.net/toyota-yaris-15-120h-active-plus-5p-electrico-hibrido-2025-en-madrid-70363023-covo.aspx,1,8206,2026-05-08
Toyota,Yaris 1.5 120H Active Plus,2025,3318,116,Híbrido,Manual,ECO,Usado,21990.0,Madrid,https://www.coches.net/toyota-yaris-15-120h-active-plus-5p-electrico-hibrido-2025-en-madrid-70363077-covo.aspx,1,3318,2026-05-08
Bmw,X2 sDrive18i,2022,48286,136,Gasolina,Manual,C,Usado,25990.0,Cádiz,https://www.coches.net/bmw-x2-sdrive18i-5p-gasolina-2022-en-cadiz-70363551-covo.aspx,4,12072,2026-05-08
Audi,Q3 Sportback S line 35 TDI S tronic,2020,83800,150,Diésel,Automática,C,Usado,32900.0,Madrid,https://www.coches.net/audi-q3-sportback-s-line-35-tdi-110kw-150cv-s-tronic-5p-diesel-2020-en-madrid-70363987-covo.aspx,6,13967,2026-05-08
Bmw,X3 xDrive30i,2020,204100,252,Gasolina,Manual,C,Usado,27900.0,Madrid,https://www.coches.net/bmw-x3-xdrive30i-5p-gasolina-2020-en-madrid-70363990-covo.aspx,6,34017,2026-05-08
Volvo,V90 2.0 B4 D Momentum Pro Auto,2021,79000,197,Híbrido,Manual,ECO,Usado,30900.0,Madrid,https://www.coches.net/volvo-v90-20-b4-d-momentum-pro-auto-5p-electrico-hibrido-2022-en-madrid-70364245-covo.aspx,5,15800,2026-05-08
Bmw,X1 sDrive18d,2011,174123,143,Diésel,Manual,B,Usado,10999.0,Asturias,https://www.coches.net/bmw-x1-sdrive18d-5p-diesel-2012-en-asturias-70364386-covo.aspx,15,11608,2026-05-08
Bmw,X5 xDrive45e,2023,75000,394,Híbrido Enchufable,Manual,0_EMISIONES,Usado,52300.0,Madrid,https://www.coches.net/bmw-x5-xdrive45e-5p-electrico-hibrido-2023-en-madrid-70364546-covo.aspx,3,25000,2026-05-08
Porsche,Cayenne 4.8 V8 Turbo S Tiptronic,2013,185000,550,Gasolina,Automática,C,Usado,36990.0,Alicante,https://www.coches.net/porsche-cayenne-48-v8-turbo-s-tiptronic-5p-gasolina-2014-en-alicante-70364771-covo.aspx,13,14231,2026-05-08
Land Rover,Range Rover Evoque 1.5 P300e I3 AUTO 4WD PHEV,2021,57000,309,Híbrido Enchufable,Manual,0_EMISIONES,Usado,26990.0,Las Palmas,https://www.coches.net/land-rover-range-rover-evoque-15-p300e-i3-auto-4wd-phev-5p-electrico-hibrido-2021-en-las-palmas-70366021-covo.aspx,5,11400,2026-05-08
Nissan,QASHQAI EPOWER 190 CV NConnecta,2023,97192,190,Híbrido,Manual,ECO,Usado,22490.0,Castellón,https://www.coches.net/nissan-qashqai-epower-140-kw-190-cv-nconnecta-5p-electrico-hibrido-2024-en-castellon-70368610-covo.aspx,3,32397,2026-05-08
Toyota,C-HR 1.8 125H Active,2021,81000,122,Híbrido,Manual,ECO,Usado,23499.0,Murcia,https://www.coches.net/toyota-c-hr-18-125h-active-5p-electrico-hibrido-2021-en-murcia-70368623-covo.aspx,5,16200,2026-05-08
Peugeot,208 BlueHDi Active,2022,55000,100,Diésel,Manual,C,Usado,11350.0,Madrid,https://www.coches.net/peugeot-208-bluehdi-73kw-100cv-active-5p-diesel-2021-en-madrid-70368776-covo.aspx,4,13750,2026-05-08
Volkswagen,Sharan Sport 2.0 TDI 135kW184CV BMT DSG,2017,170000,184,Diésel,Automática,C,Usado,21990.0,Valencia,https://www.coches.net/volkswagen-sharan-sport-20-tdi-135kw184cv-bmt-dsg-5p-diesel-2017-en-valencia-70369764-covo.aspx,9,18889,2026-05-08
Audi,Q7 3.0 TDI quattro tiptronic DPF,2008,262952,240,Diésel,Automática,B,Usado,10490.0,Sevilla,https://www.coches.net/audi-q7-30-tdi-quattro-tiptronic-dpf-5p-diesel-2008-en-sevilla-70369912-covo.aspx,18,14608,2026-05-08
Subaru,Impreza 2.5 WRX,2007,140000,230,Gasolina,Manual,C,Usado,34900.0,Madrid,https://www.coches.net/subaru-impreza-25-wrx-5p-gasolina-2008-en-madrid-70371142-covo.aspx,19,7368,2026-05-08
Bmw,Serie 5 520dA Touring,2022,75000,190,Híbrido,Manual,ECO,Usado,32900.0,Valladolid,https://www.coches.net/bmw-serie-5-520da-touring-5p-electrico-hibrido-2023-en-valladolid-70371763-covo.aspx,4,18750,2026-05-08
Skoda,Karoq 2.0 TDI DSG 4X4 Ambition,2022,47000,150,Diésel,Automática,C,Usado,27900.0,Valladolid,https://www.coches.net/skoda-karoq-20-tdi-110kw-150cv-dsg-4x4-ambition-5p-diesel-2023-en-valladolid-70371800-covo.aspx,4,11750,2026-05-08
Skoda,Karoq 2.0 TDI DSG 4X4 Ambition,2022,23000,150,Diésel,Automática,C,Usado,28900.0,Valladolid,https://www.coches.net/skoda-karoq-20-tdi-110kw-150cv-dsg-4x4-ambition-5p-diesel-2023-en-valladolid-70371820-covo.aspx,4,5750,2026-05-08
Mercedes-Benz,Clase B B 200 d,2019,65000,150,Diésel,Manual,C,Usado,23900.0,Valladolid,https://www.coches.net/mercedes-benz-clase-b-b-200-d-5p-diesel-2019-en-valladolid-70371846-covo.aspx,7,9286,2026-05-08
Nissan,Micra 1.0G 70 CV E6C Acenta,2019,63900,70,Gasolina,Manual,C,Usado,10500.0,Ciudad Real,https://www.coches.net/nissan-micra-10g-52-kw-70-cv-e6c-acenta-5p-gasolina-2019-en-ciudad-real-70371871-covo.aspx,7,9129,2026-05-08
Renault,Mégane GT Line Tce GPF 18,2018,119000,140,Gasolina,Manual,C,Usado,15900.0,Valladolid,https://www.coches.net/renault-megane-gt-line-tce-gpf-103kw-140cv--18-5p-gasolina-2018-en-valladolid-70371874-covo.aspx,8,14875,2026-05-08
Ford,Focus 1.0 Ecoboost MHEV Active X,2021,80000,125,Híbrido,Manual,ECO,Usado,17900.0,Valladolid,https://www.coches.net/ford-focus-10-ecoboost-mhev-92kw-active-x-5p-electrico-hibrido-2021-en-valladolid-70371906-covo.aspx,5,16000,2026-05-08
Opel,Astra 1.7 CDTi 130 CV Excellence,2013,129000,130,Diésel,Manual,B,Usado,7980.0,Jaén,https://www.coches.net/opel-astra-17-cdti-130-cv-excellence-4p-diesel-2013-en-jaen-70372069-covo.aspx,13,9923,2026-05-08
Hyundai,Tucson 1.6D 48V DCT N Line Sky,2024,20578,136,Híbrido,Automática,ECO,Usado,37990.0,Salamanca,https://www.coches.net/hyundai-tucson-16d-100kw-136cv-48v-dct-n-line-sky-5p-electrico-hibrido-2025-en-salamanca-70372260-covo.aspx,2,10289,2026-05-08
Mercedes-Benz,CLA CLA 200 D DCT Shooting Brake,2021,50910,150,Diésel,Automática,C,Usado,29900.0,Valladolid,https://www.coches.net/mercedes-benz-cla-cla-200-d-dct-shooting-brake-5p-diesel-2021-en-valladolid-70372494-covo.aspx,5,10182,2026-05-08
Mercedes-Benz,Clase C C 200 d,2022,53000,163,Híbrido,Manual,ECO,Usado,36900.0,Valladolid,https://www.coches.net/mercedes-benz-clase-c-c-200-d-4p-electrico-hibrido-2023-en-valladolid-70372499-covo.aspx,4,13250,2026-05-08
Kia,Sportage 1.6 CRDi MHEV Drive 4x2,2022,67000,136,Híbrido,Manual,ECO,Usado,25900.0,Valladolid,https://www.coches.net/kia-sportage-16-crdi-mhev-100kw-136cv-drive-4x2-5p-electrico-hibrido-2022-en-valladolid-70372549-covo.aspx,4,16750,2026-05-08
Volkswagen,Passat CC 1.8 TSI DSG,2010,218000,160,Gasolina,Automática,C,Usado,8980.0,Jaén,https://www.coches.net/volkswagen-passat-cc-18-tsi-160cv-dsg-4p-gasolina-2011-en-jaen-70372872-covo.aspx,16,13625,2026-05-08
Mercedes-Benz,CLA CLA 250 con tecnologia EQ,2025,13000,272,Eléctrico,Automática,Sin etiqueta,Usado,50900.0,Gipuzkoa,https://www.coches.net/mercedes-benz-cla-cla-250-con-tecnologia-eq-4p-electrico-hibrido-2025-en-guipuzcoa-70372938-covo.aspx,1,13000,2026-05-08
Mercedes-Benz,CLA CLA 200 D DCT,2021,68000,150,Diésel,Automática,C,Usado,34400.0,Valladolid,https://www.coches.net/mercedes-benz-cla-cla-200-d-dct-4p-diesel-2021-en-valladolid-70373010-covo.aspx,5,13600,2026-05-08
Mercedes-Benz,Clase A Sedan A 200 d,2020,79000,150,Diésel,Manual,C,Usado,26900.0,Valladolid,https://www.coches.net/mercedes-benz-clase-a-sedan-a-200-d-4p-diesel-2020-en-valladolid-70373074-covo.aspx,6,13167,2026-05-08
Renault,Kangoo Combi Expression M1AF dCi 90 2014,2014,170000,90,Diésel,Manual,B,Usado,8900.0,Barcelona,https://www.coches.net/renault-kangoo-combi-expression-m1af-dci-90-2014-5p-diesel-2014-en-barcelona-70373559-covo.aspx,12,14167,2026-05-08
Cupra,León SP 1.5 TSI,2025,18000,150,Gasolina,Manual,C,Usado,27500.0,Bizkaia,https://www.coches.net/cupra-leon-sp-15-tsi-110kw-150cv-5p-gasolina-2026-en-vizcaya-70373609-covo.aspx,1,18000,2026-05-08
Seat,León 1.5 eTSI DSG SS FR Spec Edition,2026,4800,150,Híbrido,Automática,ECO,Usado,28000.0,Bizkaia,https://www.coches.net/seat-leon-15-etsi-110kw-dsg-ss-fr-spec-edition-5p-electrico-hibrido-2026-en-vizcaya-70373660-covo.aspx,0,4800,2026-05-08
Hyundai,i20 1.0 TGDI Klass,2024,88850,100,Gasolina,Manual,C,Usado,15700.0,Ciudad Real,https://www.coches.net/hyundai-i20-10-tgdi-klass-5p-gasolina-2025-en-ciudad-real-70373805-covo.aspx,2,44425,2026-05-08
Audi,Q5 S line 40 TDI quattro S tronic,2020,112000,190,Diésel,Automática,C,Usado,30990.0,Málaga,https://www.coches.net/audi-q5-s-line-40-tdi-140kw-quattro-s-tronic-5p-diesel-2019-en-malaga-70374622-covo.aspx,6,18667,2026-05-08
Volvo,XC60 2.0 T8 AWD Polestar Auto,2021,72725,405,Híbrido Enchufable,Manual,0_EMISIONES,Usado,41900.0,Madrid,https://www.coches.net/volvo-xc60-20-t8-awd-polestar-auto-5p-electrico-hibrido-2021-en-madrid-70374832-covo.aspx,5,14545,2026-05-08
Seat,Ibiza 1.0 TSI Special Edition Xcellence,2025,2,115,Gasolina,Manual,C,Usado,18980.0,Gerencia,https://www.coches.net/km-0/seat/ibiza/vizcaya/10-tsi-85kw-special-edition-xcellence-gasolina-de-gerencia-70375189-gevn.aspx,1,2,2026-05-08
Seat,Arona 1.0 TSI DSG Xperience XM,2025,16000,115,Gasolina,Automática,C,Usado,21500.0,Bizkaia,https://www.coches.net/seat-arona-10-tsi-85kw-115cv-dsg-xperience-xm-5p-gasolina-2025-en-vizcaya-70375241-covo.aspx,1,16000,2026-05-08
Volvo,V90 Cross Country 2.0 B4 D Core AWD Auto,2023,81500,197,Híbrido,Manual,ECO,Usado,40300.0,Navarra,https://www.coches.net/volvo-v90-cross-country-20-b4-d-core-awd-auto-5p-electrico-hibrido-2024-en-navarra-70375277-covo.aspx,3,27167,2026-05-08
Volkswagen,Touareg Prem Eleg 3.0 V6 TDI Tip 4M,2022,67624,286,Diésel,Manual,C,Usado,39890.0,Madrid,https://www.coches.net/volkswagen-touareg-prem-eleg-30-v6-tdi-210kw-tip-4m-5p-diesel-2022-en-madrid-70375443-covo.aspx,4,16906,2026-05-08
Toyota,Corolla 140H GRSport,2026,1130,140,Híbrido,Manual,ECO,Usado,29990.0,Madrid,https://www.coches.net/toyota-corolla-140h-grsport-5p-electrico-hibrido-2026-en-madrid-70375446-covo.aspx,0,1130,2026-05-08
Volkswagen,Tiguan Urban Sport 2.0 TDI,2023,75787,150,Diésel,Manual,C,Usado,28590.0,Madrid,https://www.coches.net/volkswagen-tiguan-urban-sport-20-tdi-110kw-150cv-5p-diesel-2024-en-madrid-70375454-covo.aspx,3,25262,2026-05-08
Audi,A4 Avant S line 35 TFSI,2019,166800,150,Híbrido,Manual,ECO,Usado,18590.0,Madrid,https://www.coches.net/audi-a4-avant-s-line-35-tfsi-110kw-150cv-5p-electrico-hibrido-2021-en-madrid-70375458-covo.aspx,7,23829,2026-05-08
Bmw,Serie 2 218i Gran Coupe,2021,50000,136,Gasolina,Manual,C,Usado,24900.0,Valladolid,https://www.coches.net/bmw-serie-2-218i-gran-coupe-4p-gasolina-2022-en-valladolid-70375464-covo.aspx,5,10000,2026-05-08
Renault,Arkana Equilibre ETECH full hybr. 105kW145CV,2022,69000,145,Híbrido,Manual,ECO,Usado,22490.0,Valladolid,https://www.coches.net/renault-arkana-equilibre-etech-full-hybr-105kw145cv-5p-electrico-hibrido-2022-en-valladolid-70375496-covo.aspx,4,17250,2026-05-08
Mercedes-Benz,Clase B B 180,2019,96000,136,Gasolina,Manual,C,Usado,23900.0,Valladolid,https://www.coches.net/mercedes-benz-clase-b-b-180-5p-gasolina-2019-en-valladolid-70375518-covo.aspx,7,13714,2026-05-08
Mercedes-Benz,Clase B B 180 d,2017,92000,109,Diésel,Manual,C,Usado,17900.0,Valladolid,https://www.coches.net/mercedes-benz-clase-b-b-180-d-5p-diesel-2018-en-valladolid-70375557-covo.aspx,9,10222,2026-05-08
Toyota,Rav4 2.5l PLUGIN 300PH eCVT Advance,2022,60000,306,Híbrido Enchufable,Automática,0_EMISIONES,Usado,32990.0,Las Palmas,https://www.coches.net/toyota-rav4-25l-plugin-300ph-ecvt-advance-5p-electrico-hibrido-2022-en-las-palmas-70375739-covo.aspx,4,15000,2026-05-08
Nissan,JUKE 1.6 Hybrid NConnecta,2024,21000,143,Híbrido,Manual,ECO,Usado,19990.0,Las Palmas,https://www.coches.net/nissan-juke-16-hybrid-105kw-145cv-nconnecta-5p-electrico-hibrido-2024-en-las-palmas-70375740-covo.aspx,2,10500,2026-05-08
Mercedes-Benz,Clase A Sedan A 200 d,2022,53000,150,Diésel,Manual,C,Usado,28990.0,Alicante,https://www.coches.net/mercedes-benz-clase-a-sedan-a-200-d-4p-diesel-2022-en-alicante-70375746-covo.aspx,4,13250,2026-05-08
Audi,A1 Sportback 25 TFSI,2022,49000,95,Gasolina,Manual,C,Usado,17990.0,Las Palmas,https://www.coches.net/audi-a1-sportback-25-tfsi-70kw-95cv-5p-gasolina-2022-en-las-palmas-70375747-covo.aspx,4,12250,2026-05-08
Kia,Ceed 1.0 TGDi Concept,2023,43000,100,Gasolina,Manual,C,Usado,16990.0,Las Palmas,https://www.coches.net/kia-ceed-10-tgdi-74kw-100cv-concept-5p-gasolina-2023-en-las-palmas-70375748-covo.aspx,3,14333,2026-05-08
Bmw,X1 xDrive20dA,2021,81000,190,Diésel,Manual,C,Usado,28900.0,Valladolid,https://www.coches.net/bmw-x1-xdrive20da-5p-diesel-2021-en-valladolid-70376156-covo.aspx,5,16200,2026-05-08
Opel,Corsa 1.2T XHL Edition,2026,1,100,Gasolina,Manual,C,Usado,18900.0,Valencia,https://www.coches.net/opel-corsa-12t-xhl-74kw-100cv-edition-5p-gasolina-2026-en-valencia-70376175-covo.aspx,0,1,2026-05-08
Volkswagen,T-Roc Advance 1.5 TSI DSG,2021,10150,150,Gasolina,Automática,C,Usado,25900.0,Valladolid,https://www.coches.net/volkswagen-t-roc-advance-15-tsi-110kw-150cv-dsg-5p-gasolina-2022-en-valladolid-70376178-covo.aspx,5,2030,2026-05-08
Toyota,Corolla 2.0 180H STYLE ECVT,2021,57000,180,Híbrido,Automática,ECO,Usado,23900.0,Valladolid,https://www.coches.net/toyota-corolla-20-180h-style-ecvt-5p-electrico-hibrido-2021-en-valladolid-70376196-covo.aspx,5,11400,2026-05-08
Opel,Corsa 1.2T XHL GS,2026,1,100,Gasolina,Manual,C,Usado,20450.0,Valencia,https://www.coches.net/opel-corsa-12t-xhl-74kw-100cv-gs-5p-gasolina-2026-en-valencia-70376209-covo.aspx,0,1,2026-05-08
Opel,Corsa 1.2T XHL Hybrid Edition eDCT,2026,1,110,Híbrido,Automática,ECO,Usado,22300.0,Valencia,https://www.coches.net/opel-corsa-12t-xhl-hybrid-81kw-edition-edct-5p-electrico-hibrido-2026-en-valencia-70376252-covo.aspx,0,1,2026-05-08
Opel,Mokka 1.2 T XHT Hybrid eDCT6 GS,2026,1,146,Híbrido,Automática,ECO,Usado,28900.0,Valencia,https://www.coches.net/opel-mokka-12-t-xht-hybrid-edct6-gs-5p-electrico-hibrido-2026-en-valencia-70376320-covo.aspx,0,1,2026-05-08
Opel,Mokka 1.2 T XHT Hybrid eDCT6 GS,2026,1,146,Híbrido,Automática,ECO,Usado,28900.0,Valencia,https://www.coches.net/opel-mokka-12-t-xht-hybrid-edct6-gs-5p-electrico-hibrido-2026-en-valencia-70376378-covo.aspx,0,1,2026-05-08
Opel,Corsa 1.2T XHL Edition,2026,1,100,Gasolina,Manual,C,Usado,18800.0,Valencia,https://www.coches.net/opel-corsa-12t-xhl-74kw-100cv-edition-5p-gasolina-2026-en-valencia-70376414-covo.aspx,0,1,2026-05-08
Opel,Corsa 1.2T XHL Edition,2026,1,100,Gasolina,Manual,C,Usado,19300.0,Valencia,https://www.coches.net/opel-corsa-12t-xhl-74kw-100cv-edition-5p-gasolina-2026-en-valencia-70376446-covo.aspx,0,1,2026-05-08
Audi,Q5 SPORTBACK S line 35 TDI S tronic,2023,99000,163,Híbrido,Automática,ECO,Usado,35800.0,Almería,https://www.coches.net/audi-q5-sportback-s-line-35-tdi-120kw-s-tronic-5p-electrico-hibrido-2023-en-almeria-70376458-covo.aspx,3,33000,2026-05-08
Opel,Corsa 1.2T XHLHybrid GS eDCT,2026,1,110,Híbrido,Automática,ECO,Usado,23600.0,Valencia,https://www.coches.net/opel-corsa-12t-xhlhybrid-81kw-gs-edct-5p-electrico-hibrido-2026-en-valencia-70376494-covo.aspx,0,1,2026-05-08
Opel,Corsa 1.2T XHL YES,2026,1,100,Gasolina,Manual,C,Usado,19300.0,Valencia,https://www.coches.net/opel-corsa-12t-xhl-74kw-100cv-yes-5p-gasolina-2026-en-valencia-70376517-covo.aspx,0,1,2026-05-08
Opel,Corsa 1.2T XHL Hybrid YES eDCT,2026,1,110,Híbrido,Automática,ECO,Usado,22500.0,Valencia,https://www.coches.net/opel-corsa-12t-xhl-hybrid-81kw-yes-edct-5p-electrico-hibrido-2026-en-valencia-70376595-covo.aspx,0,1,2026-05-08
Opel,Grandland 1.2T XHT Hybrid eDCT6 SS GS,2026,1,146,Híbrido,Automática,ECO,Usado,31900.0,Valencia,https://www.coches.net/opel-grandland-12t-xht-hybrid-edct6-ss-gs-5p-electrico-hibrido-2026-en-valencia-70376627-covo.aspx,0,1,2026-05-08
Volkswagen,Touareg Prem Eleg 3.0 V6 TDI Tip 4M,2022,36132,286,Diésel,Manual,C,Usado,52990.0,Salamanca,https://www.coches.net/volkswagen-touareg-prem-eleg-30-v6-tdi-210kw-tip-4m-5p-diesel-2022-en-salamanca-70376673-covo.aspx,4,9033,2026-05-08
Peugeot,308 SW Allure 1.5 BlueHDi EAT8,2018,132026,130,Diésel,Manual,C,Usado,11490.0,Salamanca,https://www.coches.net/peugeot-308-sw-allure-15-bluehdi-96kw-130cv-eat8-5p-diesel-2017-en-salamanca-70376677-covo.aspx,8,16503,2026-05-08
Audi,Q2 S line 30 TDI S tronic,2023,37000,116,Diésel,Automática,C,Usado,31900.0,Valladolid,https://www.coches.net/audi-q2-s-line-30-tdi-85kw-116cv-s-tronic-5p-diesel-2024-en-valladolid-70376870-covo.aspx,3,12333,2026-05-08
Volvo,V60 2.0 D3 Momentum Core,2020,108000,150,Diésel,Manual,C,Usado,20900.0,Valladolid,https://www.coches.net/volvo-v60-20-d3-momentum-core-5p-diesel-2021-en-valladolid-70376915-covo.aspx,6,18000,2026-05-08
Bmw,Serie 2 M2 Competition,2019,98000,410,Gasolina,Manual,C,Usado,49990.0,Valencia,https://www.coches.net/bmw-serie-2-m2-competition-2p-gasolina-2020-en-valencia-70377030-covo.aspx,7,14000,2026-05-08
Mercedes-Benz,Clase A Sedan A 180,2021,78081,136,Gasolina,Manual,C,Usado,22490.0,Madrid,https://www.coches.net/mercedes-benz-clase-a-sedan-a-180-4p-gasolina-2022-en-madrid-70377105-covo.aspx,5,15616,2026-05-08
Peugeot,5008 1.5 BlueHDi SS GT Pack EAT8,2022,70022,130,Diésel,Manual,C,Usado,21990.0,Madrid,https://www.coches.net/peugeot-5008-15-bluehdi-96kw-ss-gt-pack-eat8-5p-diesel-2022-en-madrid-70377106-covo.aspx,4,17506,2026-05-08
Volkswagen,Arteon RLine 2.0 TDI DSG S Brake,2021,116300,200,Diésel,Automática,C,Usado,31900.0,Madrid,https://www.coches.net/volkswagen-arteon-rline-20-tdi-147kw-200cv-dsg-s-brake-5p-diesel-2021-en-madrid-70379785-covo.aspx,5,23260,2026-05-08
Bmw,X3 xDrive30e xLine,2021,98100,292,Híbrido Enchufable,Manual,0_EMISIONES,Usado,35900.0,Madrid,https://www.coches.net/bmw-x3-xdrive30e-xline-5p-electrico-hibrido-2022-en-madrid-70379790-covo.aspx,5,19620,2026-05-08
Audi,Q7 3.0 TDI quattro tiptronic,2006,324000,233,Diésel,Automática,B,Usado,9470.0,Madrid,https://www.coches.net/audi-q7-30-tdi-quattro-tiptronic-5p-diesel-2007-en-madrid-70379817-covo.aspx,20,16200,2026-05-08
Mazda,Mazda6e EV 245 CV Gran Autonomia RWD Takumi Plus,2025,4017,245,Eléctrico,Automática,Sin etiqueta,Usado,39700.0,Alicante,https://www.coches.net/mazda-mazda6e-ev-245-cv-gran-autonomia-rwd-takumi-plus-5p-electrico-hibrido-2025-en-alicante-70379825-covo.aspx,1,4017,2026-05-08
Audi,Q3 Design edition 1.4 TFSI ultra CoD,2018,84495,150,Gasolina,Manual,C,Usado,18900.0,Alicante,https://www.coches.net/audi-q3-design-edition-14-tfsi-110kw-ultra-cod-5p-gasolina-2018-en-alicante-70379934-covo.aspx,8,10562,2026-05-08
Audi,Q5 2.0 TDI quattro S tronic Ambition,2013,300000,177,Diésel,Automática,B,Usado,13900.0,Barcelona,https://www.coches.net/audi-q5-20-tdi-177cv-quattro-s-tronic-ambition-5p-diesel-2014-en-barcelona-70380265-covo.aspx,13,23077,2026-05-08
Seat,Ibiza 1.0 TSI FR Salta,2025,16100,115,Gasolina,Manual,C,Usado,19460.0,Bizkaia,https://www.coches.net/seat-ibiza-10-tsi-85kw-115cv-fr-salta-5p-gasolina-2025-en-vizcaya-70380290-covo.aspx,1,16100,2026-05-08
Audi,A4 Allroad Quattro 40 TDI quattro S tronic,2021,160000,204,Híbrido,Automática,ECO,Usado,24800.0,Almería,https://www.coches.net/audi-a4-allroad-quattro-40-tdi-150kw-204cv-quattro-s-tronic-5p-electrico-hibrido-2021-en-almeria-70380487-covo.aspx,5,32000,2026-05-08
Toyota,C-HR 1.8 125H Advance,2021,125000,122,Híbrido,Manual,ECO,Usado,20970.0,Madrid,https://www.coches.net/toyota-c-hr-18-125h-advance-5p-electrico-hibrido-2021-en-madrid-70380544-covo.aspx,5,25000,2026-05-08
Audi,A8 60 TFSIe quattro tiptronic,2021,119000,449,Híbrido Enchufable,Automática,0_EMISIONES,Usado,42900.0,Madrid,https://www.coches.net/audi-a8-60-tfsie-quattro-tiptronic-4p-electrico-hibrido-2021-en-madrid-70380659-covo.aspx,5,23800,2026-05-08
Audi,A6 2.0 TDI ultra S tronic,2016,299000,190,Diésel,Automática,C,Usado,12970.0,Madrid,https://www.coches.net/audi-a6-20-tdi-140kw-ultra-s-tronic-4p-diesel-2017-en-madrid-70381009-covo.aspx,10,29900,2026-05-08
Bmw,Serie 5 520dA,2020,154365,190,Híbrido,Manual,ECO,Usado,24990.0,Alicante,https://www.coches.net/bmw-serie-5-520da-4p-electrico-hibrido-2020-en-alicante-70381203-covo.aspx,6,25728,2026-05-08
Mercedes-Benz,Clase GLS GLS 350 d 4MATIC,2018,128500,258,Diésel,Manual,C,Usado,44850.0,Alicante,https://www.coches.net/mercedes-benz-clase-gls-gls-350-d-4matic-5p-diesel-2019-en-alicante-70381205-covo.aspx,8,16062,2026-05-08
Citroen,C3 Aircross BlueHDi SS Feel,2023,41200,110,Diésel,Manual,C,Usado,13900.0,Ciudad Real,https://www.coches.net/citroen-c3-aircross-bluehdi-81kw-110cv-ss-feel-5p-diesel-2023-en-ciudad-real-70381405-covo.aspx,3,13733,2026-05-08
Bmw,Serie 5 M5,2019,117000,600,Gasolina,Manual,C,Usado,69970.0,Madrid,https://www.coches.net/bmw-serie-5-m5-4p-gasolina-2019-en-madrid-70381407-covo.aspx,7,16714,2026-05-08
Kia,Picanto 1.2 CVVT Trendy,2015,122000,2,Gasolina,Manual,C,Usado,8990.0,Las Palmas,https://www.coches.net/kia-picanto-12-cvvt-85cv-trendy-5p-gasolina-2016-en-las-palmas-70381545-covo.aspx,11,11091,2026-05-08
Volkswagen,Scirocco 1.4 TSI,2009,199000,160,Gasolina,Manual,C,Usado,7470.0,Madrid,https://www.coches.net/volkswagen-scirocco-14-tsi-160cv-3p-gasolina-2010-en-madrid-70381643-covo.aspx,17,11706,2026-05-08
Mg,MG4 64kWh Luxury,2023,23316,204,Eléctrico,Automática,Sin etiqueta,Usado,23990.0,Salamanca,https://www.coches.net/mg-mg4-64kwh-luxury-5p-electrico-hibrido-2022-en-salamanca-70381857-covo.aspx,3,7772,2026-05-08
Citroen,C3 Aircross PureTech LIVE,2019,99000,82,Gasolina,Manual,C,Usado,7970.0,Madrid,https://www.coches.net/citroen-c3-aircross-puretech-60kw-82cv-live-5p-gasolina-2018-en-madrid-70381957-covo.aspx,7,14143,2026-05-08
Nissan,QASHQAI+2 2.0 TEKNA 4X2,2009,70000,140,Gasolina,Manual,C,Usado,9990.0,Barcelona,https://www.coches.net/nissan-qashqai2-20-tekna-4x2-5p-gasolina-2009-en-barcelona-70382186-covo.aspx,17,4118,2026-05-08
Audi,Q7 3.0 TDI quattro tiptronic Advance,2011,279000,204,Diésel,Automática,B,Usado,11370.0,Madrid,https://www.coches.net/audi-q7-30-tdi-204cv-quattro-tiptronic-advance-5p-diesel-2011-en-madrid-70382313-covo.aspx,15,18600,2026-05-08
Peugeot,308 Active 1.6 BlueHDi 120,2015,95000,120,Diésel,Manual,C,Usado,9750.0,Madrid,https://www.coches.net/peugeot-308-5p-active-16-bluehdi-120-5p-diesel-2015-en-madrid-70382381-covo.aspx,11,8636,2026-05-08
Lynk,& CO 02 BEV 66kWh More,2025,15000,272,Eléctrico,Automática,Sin etiqueta,Usado,30900.0,Madrid,https://www.coches.net/lynk--co-02-bev-66kwh-more-5p-electrico-hibrido-2025-en-madrid-70384862-covo.aspx,1,15000,2026-05-08
Peugeot,Rifter Access Long BlueHDi,2020,83000,100,Diésel,Manual,C,Usado,14490.0,Sevilla,https://www.coches.net/peugeot-rifter-access-long-bluehdi-73kw-4p-diesel-2020-en-sevilla-70385330-covo.aspx,6,13833,2026-05-08
Mercedes-Benz,Clase A A 250 e con tecnologia hibrida EQ,2025,13000,218,Híbrido Enchufable,Manual,0_EMISIONES,Usado,33990.0,Sta. C. Tenerife,https://www.coches.net/mercedes-benz-clase-a-a-250-e-con-tecnologia-hibrida-eq-5p-electrico-hibrido-2025-en-sta-c-tenerife-70385342-covo.aspx,1,13000,2026-05-08
Volkswagen,T-Roc Life 1.0 TSI,2023,77000,110,Gasolina,Manual,C,Usado,18995.0,Sta. C. Tenerife,https://www.coches.net/volkswagen-t-roc-life-10-tsi-81kw-110cv-5p-gasolina-2024-en-sta-c-tenerife-70385384-covo.aspx,3,25667,2026-05-08
Bmw,Serie 1 116d Business,2021,107000,116,Diésel,Manual,C,Usado,19990.0,Sevilla,https://www.coches.net/bmw-serie-1-116d-business-5p-diesel-2021-en-sevilla-70385401-covo.aspx,5,21400,2026-05-08
Peugeot,308 SW Allure BlueHDI 130 SS EAT8,2021,78000,130,Diésel,Manual,C,Usado,11850.0,Madrid,https://www.coches.net/peugeot-308-sw-allure-bluehdi-130-ss-eat8-5p-diesel-2021-en-madrid-70386053-covo.aspx,5,15600,2026-05-08
Opel,Astra 1.5D DVC GS Line ST,2021,93000,105,Diésel,Manual,C,Usado,9550.0,Madrid,https://www.coches.net/opel-astra-15d-dvc-77kw-105cv-gs-line-st-5p-diesel-2021-en-madrid-70386054-covo.aspx,5,18600,2026-05-08
Mini,COUNTRYMAN Cooper S E ALL4,2021,109000,220,Híbrido Enchufable,Manual,0_EMISIONES,Usado,19650.0,Madrid,https://www.coches.net/mini-countryman-cooper-s-e-all4-5p-electrico-hibrido-2021-en-madrid-70386055-covo.aspx,5,21800,2026-05-08
Dacia,Sandero Essential ECOG,2024,57000,101,Glp,Manual,Sin etiqueta,Usado,12750.0,Madrid,https://www.coches.net/dacia-sandero-essential-74kw-100cv-ecog-5p-otros-2024-en-madrid-70386057-covo.aspx,2,28500,2026-05-08
Citroen,C3 BlueHDi SS Feel,2023,44000,102,Diésel,Manual,C,Usado,10950.0,Madrid,https://www.coches.net/citroen-c3-bluehdi-75kw-100cv-ss-feel-5p-diesel-2022-en-madrid-70386060-covo.aspx,3,14667,2026-05-08
Volvo,XC90 2.0 T8 AWD Plus Dark Recharge Auto,2025,15300,455,Híbrido Enchufable,Manual,0_EMISIONES,Usado,69900.0,Navarra,https://www.coches.net/volvo-xc90-20-t8-awd-plus-dark-recharge-auto-5p-electrico-hibrido-2026-en-navarra-70387062-covo.aspx,1,15300,2026-05-08
Volvo,XC60 2.0 B4 D AWD Core Auto,2023,242000,197,Híbrido,Manual,ECO,Usado,24990.0,Bizkaia,https://www.coches.net/volvo-xc60-20-b4-d-awd-core-auto-5p-electrico-hibrido-2024-en-vizcaya-70387262-covo.aspx,3,80667,2026-05-08
Kia,cee'd Sportswagon 1.6 CRDi VGT GT Line DCT Pack Luxury,2016,258000,136,Diésel,Automática,C,Usado,8500.0,Navarra,https://www.coches.net/kia-ceed-sportswagon-16-crdi-vgt-gt-line-dct-pack-luxury-5p-diesel-2016-en-navarra-70387700-covo.aspx,10,25800,2026-05-08
Citroen,C4 Spacetourer BlueHDi EAT8 Feel,2020,185000,130,Diésel,Manual,C,Usado,11990.0,Valencia,https://www.coches.net/citroen-c4-spacetourer-bluehdi-96kw-130cv-eat8-feel-5p-diesel-2019-en-valencia-70388194-covo.aspx,6,30833,2026-05-08
Peugeot,208 BlueHDi Active,2021,64830,100,Diésel,Manual,C,Usado,10490.0,Madrid,https://www.coches.net/peugeot-208-bluehdi-73kw-100cv-active-5p-diesel-2021-en-madrid-70388241-covo.aspx,5,12966,2026-05-08
Skoda,Karoq 2.0 TDI DSG 4X4 Ambition,2021,66834,150,Diésel,Automática,C,Usado,21490.0,Madrid,https://www.coches.net/skoda-karoq-20-tdi-110kw-150cv-dsg-4x4-ambition-5p-diesel-2022-en-madrid-70388244-covo.aspx,5,13367,2026-05-08
Skoda,Karoq 2.0 TDI DSG 4X4 Ambition,2021,79507,150,Diésel,Automática,C,Usado,19890.0,Madrid,https://www.coches.net/skoda-karoq-20-tdi-110kw-150cv-dsg-4x4-ambition-5p-diesel-2021-en-madrid-70388246-covo.aspx,5,15901,2026-05-08
Skoda,Karoq 2.0 TDI DSG 4X4 Ambition,2021,120183,150,Diésel,Automática,C,Usado,17490.0,Madrid,https://www.coches.net/skoda-karoq-20-tdi-110kw-150cv-dsg-4x4-ambition-5p-diesel-2022-en-madrid-70388247-covo.aspx,5,24037,2026-05-08
Toyota,Corolla 1.8 125H BUSINESS ECVT,2022,139808,122,Híbrido,Automática,ECO,Usado,15890.0,Madrid,https://www.coches.net/toyota-corolla-18-125h-business-ecvt-5p-electrico-hibrido-2022-en-madrid-70388250-covo.aspx,4,34952,2026-05-08
Volvo,XC60 2.0 T8 AWD Business Plus Auto,2020,133676,390,Híbrido Enchufable,Manual,0_EMISIONES,Usado,27890.0,Madrid,https://www.coches.net/volvo-xc60-20-t8-awd-business-plus-auto-5p-electrico-hibrido-2020-en-madrid-70388253-covo.aspx,6,22279,2026-05-08
Volvo,XC60 2.0 D4 Momentum Auto,2021,151713,190,Diésel,Manual,C,Usado,26990.0,Madrid,https://www.coches.net/volvo-xc60-20-d4-momentum-auto-5p-diesel-2020-en-madrid-70388254-covo.aspx,5,30343,2026-05-08
Bmw,X6 xDrive30d,2011,299000,245,Diésel,Manual,B,Usado,16470.0,Madrid,https://www.coches.net/bmw-x6-xdrive30d-5p-diesel-2011-en-madrid-70388800-covo.aspx,15,19933,2026-05-08
Mercedes-Benz,Clase B B 180 d,2019,108000,116,Diésel,Manual,C,Usado,20900.0,Pontevedra,https://www.coches.net/mercedes-benz-clase-b-b-180-d-5p-diesel-2019-en-pontevedra-70397165-covo.aspx,7,15429,2026-05-08
Toyota,Corolla 1.8 125H ACTIVE TECH ECVT TOU SPORT,2021,128000,122,Híbrido,Automática,ECO,Usado,17990.0,Barcelona,https://www.coches.net/toyota-corolla-18-125h-active-tech-ecvt-tou-sport-5p-electrico-hibrido-2022-en-barcelona-70397373-covo.aspx,5,25600,2026-05-08
Toyota,Corolla 1.8 125H ACTIVE TECH ECVT TOU SPORT,2021,149000,122,Híbrido,Automática,ECO,Usado,17490.0,Barcelona,https://www.coches.net/toyota-corolla-18-125h-active-tech-ecvt-tou-sport-5p-electrico-hibrido-2022-en-barcelona-70397405-covo.aspx,5,29800,2026-05-08
Volkswagen,Tiguan RLine 2.0 TDI DSG,2020,149000,150,Diésel,Automática,C,Usado,27990.0,Barcelona,https://www.coches.net/volkswagen-tiguan-rline-20-tdi-110kw-150cv-dsg-5p-diesel-2021-en-barcelona-70397479-covo.aspx,6,24833,2026-05-08
Volkswagen,Golf 1.0 TSI,2022,115000,110,Gasolina,Manual,C,Usado,16990.0,Sta. C. Tenerife,https://www.coches.net/volkswagen-golf-10-tsi-81kw-110cv-5p-gasolina-2022-en-sta-c-tenerife-70397494-covo.aspx,4,28750,2026-05-08
Mercedes-Benz,GLC Coupé GLC 300 de 4MATIC,2020,72000,306,Híbrido Enchufable,Manual,0_EMISIONES,Usado,42490.0,Barcelona,https://www.coches.net/mercedes-benz-glc-coupe-glc-300-de-4matic-5p-electrico-hibrido-2021-en-barcelona-70397521-covo.aspx,6,12000,2026-05-08
Volvo,EX30 Single Motor Extended Range Plus Auto,2024,9500,272,Eléctrico,Automática,Sin etiqueta,Usado,30700.0,Barcelona,https://www.coches.net/volvo-ex30-single-motor-extended-range-plus-auto-5p-electrico-hibrido-2024-en-barcelona-70397583-covo.aspx,2,4750,2026-05-08
Volvo,XC40 2.0 B3 G Core Auto,2024,9731,163,Híbrido,Manual,ECO,Usado,35450.0,Barcelona,https://www.coches.net/volvo-xc40-20-b3-g-core-auto-5p-electrico-hibrido-2024-en-barcelona-70397584-covo.aspx,2,4866,2026-05-08
Mini,COUNTRYMAN Cooper D,2020,109300,150,Diésel,Manual,C,Usado,20900.0,Madrid,https://www.coches.net/mini-countryman-cooper-d-5p-diesel-2021-en-madrid-70397873-covo.aspx,6,18217,2026-05-08
Land Rover,Range Rover Velar 2.0 I4 PHEV S 4WD Auto,2025,22500,404,Híbrido Enchufable,Manual,0_EMISIONES,Usado,59900.0,Sta. C. Tenerife,https://www.coches.net/land-rover-range-rover-velar-20-i4-phev-297kw-404cv-s-4wd-auto-5p-electrico-hibrido-2024-en-sta-c-tenerife-70397937-covo.aspx,1,22500,2026-05-08
Renault,Arkana Intens TCe 103kW140CV EDC mild hybrid,2022,130000,140,Híbrido,Manual,ECO,Usado,14750.0,Madrid,https://www.coches.net/renault-arkana-intens-tce-103kw140cv-edc-mild-hybrid-5p-electrico-hibrido-2021-en-madrid-70398000-covo.aspx,4,32500,2026-05-08
Mercedes-Benz,Clase V 220 d Exclusive Largo,2018,149990,163,Diésel,Manual,C,Usado,33950.0,Madrid,https://www.coches.net/mercedes-benz-clase-v-220-d-exclusive-largo-5p-diesel-2017-en-madrid-70398001-covo.aspx,8,18749,2026-05-08
Citroen,ë-Spacetourer eSpaceTourer Talla M 50KWh Feel,2021,44753,136,Eléctrico,Automática,Sin etiqueta,Usado,26990.0,Salamanca,https://www.coches.net/citroen-e-spacetourer-espacetourer-talla-m-50-kwh-feel-5p-electrico-hibrido-2022-en-salamanca-70398074-covo.aspx,5,8951,2026-05-08
Mercedes-Benz,Clase B B 200 d,2022,45000,150,Diésel,Manual,C,Usado,27990.0,Barcelona,https://www.coches.net/mercedes-benz-clase-b-b-200-d-5p-diesel-2023-en-barcelona-70398425-covo.aspx,4,11250,2026-05-08
Audi,Q2 design ed 1.4 TFSI CoD S tronic,2017,83000,150,Gasolina,Automática,C,Usado,19490.0,Barcelona,https://www.coches.net/audi-q2-design-ed-14-tfsi-110kw-cod-s-tronic-5p-gasolina-2018-en-barcelona-70398536-covo.aspx,9,9222,2026-05-08
Mg,ZS 1.0T Luxury Auto,2024,28264,111,Gasolina,Manual,C,Usado,17500.0,Jaén,https://www.coches.net/mg-zs-10t-luxury-auto-5p-gasolina-2022-en-jaen-70398794-covo.aspx,2,14132,2026-05-08
Toyota,Land Cruiser 90 3.0 TD GX,1998,263055,125,Diésel,Manual,Sin etiqueta,Usado,18990.0,Sta. C. Tenerife,https://www.coches.net/toyota-land-cruiser-90-30-td-gx-3p-diesel-1996-en-sta-c-tenerife-70398880-covo.aspx,28,9395,2026-05-08
Peugeot,208 BlueHDi Active,2022,99000,100,Diésel,Manual,C,Usado,9450.0,Madrid,https://www.coches.net/peugeot-208-bluehdi-73kw-100cv-active-5p-diesel-2021-en-madrid-70399233-covo.aspx,4,24750,2026-05-08
Renault,Mégane Zen Energy dCi,2017,160798,110,Diésel,Manual,C,Usado,13790.0,Madrid,https://www.coches.net/renault-megane-zen-energy-dci-81kw-110cv-5p-diesel-2017-en-madrid-70399254-covo.aspx,9,17866,2026-05-08
Kia,EV9 GTLine 998kWh AWD 7pl,2023,29484,385,Eléctrico,Automática,Sin etiqueta,Usado,52890.0,Madrid,https://www.coches.net/kia-ev9-gtline-998kwh-283kw-awd-7pl-5p-electrico-hibrido-2024-en-madrid-70399300-covo.aspx,3,9828,2026-05-08
Mercedes-Benz,GLB 2.0 GLB 220 D 4MATIC DCT,2022,88550,190,Diésel,Automática,C,Usado,34290.0,Madrid,https://www.coches.net/mercedes-benz-glb-20-glb-220-d-4matic-dct-140kw-190cv-5p-diesel-2022-en-madrid-70399329-covo.aspx,4,22138,2026-05-08
Dacia,Sandero Stepway Expression Go ECOG,2025,5700,101,Glp,Manual,Sin etiqueta,Usado,16390.0,Madrid,https://www.coches.net/dacia-sandero-stepway-expression-go-74kw-100cv-ecog-5p-otros-2024-en-madrid-70399347-covo.aspx,1,5700,2026-05-08
Nissan,QASHQAI DIGT mHEV Xtronic Acenta,2021,61000,158,Híbrido,Automática,ECO,Usado,22900.0,Valladolid,https://www.coches.net/nissan-qashqai-digt-116kw-158cv-mhev-xtronic-acenta-5p-electrico-hibrido-2021-en-valladolid-70400724-covo.aspx,5,12200,2026-05-08
Bmw,X2 sDrive18i,2021,18000,136,Gasolina,Manual,C,Usado,24990.0,Las Palmas,https://www.coches.net/bmw-x2-sdrive18i-5p-gasolina-2021-en-las-palmas-70400820-covo.aspx,5,3600,2026-05-08
Skoda,Kamiq 1.0 TSI DSG Ambition,2021,24000,110,Gasolina,Automática,C,Usado,18990.0,Las Palmas,https://www.coches.net/skoda-kamiq-10-tsi-81kw-110cv-dsg-ambition-5p-gasolina-2021-en-las-palmas-70400821-covo.aspx,5,4800,2026-05-08
Mercedes-Benz,CLA CLA 250 e,2023,66500,218,Híbrido Enchufable,Manual,0_EMISIONES,Usado,28990.0,Las Palmas,https://www.coches.net/mercedes-benz-cla-cla-250-e-4p-electrico-hibrido-2023-en-las-palmas-70400822-covo.aspx,3,22167,2026-05-08
Opel,Astra 1.2T SHL Edition,2022,34000,110,Gasolina,Manual,C,Usado,12990.0,Las Palmas,https://www.coches.net/opel-astra-12t-shl-81kw-110cv-edition-5p-gasolina-2021-en-las-palmas-70400838-covo.aspx,4,8500,2026-05-08
Mercedes-Benz,Clase E E 220 d Estate,2018,103000,194,Diésel,Manual,C,Usado,25900.0,Valladolid,https://www.coches.net/mercedes-benz-clase-e-e-220-d-estate-5p-diesel-2019-en-valladolid-70400962-covo.aspx,8,12875,2026-05-08
Lexus,NX 2.5 300h Business 2WD,2018,93500,197,Híbrido,Manual,ECO,Usado,22990.0,Las Palmas,https://www.coches.net/lexus-nx-25-300h-business-2wd-5p-electrico-hibrido-2018-en-las-palmas-70400977-covo.aspx,8,11688,2026-05-08
Citroen,C3 PureTech FEEL,2019,120000,82,Gasolina,Manual,C,Usado,6790.0,Las Palmas,https://www.coches.net/citroen-c3-puretech-60kw-82cv-feel-5p-gasolina-2018-en-las-palmas-70401137-covo.aspx,7,17143,2026-05-08
Kia,Sportage 1.6 MHEV Business 4x4,2021,73964,136,Híbrido,Manual,ECO,Usado,18990.0,Málaga,https://www.coches.net/kia-sportage-16-mhev-business-100kw-136cv-4x4-5p-electrico-hibrido-2021-en-malaga-70401304-covo.aspx,5,14793,2026-05-08
Ford,Puma 1.0 EcoBoost STLine X MHEV,2023,55647,125,Híbrido,Manual,ECO,Usado,18890.0,Málaga,https://www.coches.net/ford-puma-10-ecoboost-125cv-stline-x-mhev-5p-electrico-hibrido-2023-en-malaga-70401306-covo.aspx,3,18549,2026-05-08
Ds,DS 7 Crossback BlueHDi DE AT Bastille,2021,80000,130,Diésel,Automática,C,Usado,18050.0,Madrid,https://www.coches.net/ds-ds-7-crossback-bluehdi-de-96kw-130cv-at-bastille--5p-diesel-2021-en-madrid-70402115-covo.aspx,5,16000,2026-05-08
Peugeot,3008 1.5 BlueHDi SS Allure,2022,127000,130,Diésel,Manual,C,Usado,13750.0,Madrid,https://www.coches.net/peugeot-3008-15-bluehdi-96kw-130cv-ss-allure-5p-diesel-2021-en-madrid-70402116-covo.aspx,4,31750,2026-05-08
Nissan,LEAF 40kWh Acenta,2021,45000,150,Eléctrico,Automática,Sin etiqueta,Usado,12225.0,Madrid,https://www.coches.net/nissan-leaf-40kwh-acenta-5p-electrico-hibrido-2021-en-madrid-70402117-covo.aspx,5,9000,2026-05-08
Dacia,Lodgy Comfort 1.6 GLP 5Pl 18,2019,129000,102,Glp,Manual,Sin etiqueta,Usado,9950.0,Madrid,https://www.coches.net/dacia-lodgy-comfort-16-75kw-100cv-glp-5pl--18-5p-otros-2018-en-madrid-70402119-covo.aspx,7,18429,2026-05-08
Volvo,XC90 2.0 T8 AWD Recharge Inscription Exp Auto,2021,129000,390,Híbrido Enchufable,Manual,0_EMISIONES,Usado,34900.0,Almería,https://www.coches.net/volvo-xc90-20-t8-awd-recharge-inscription-exp-auto-5p-electrico-hibrido-2022-en-almeria-70402182-covo.aspx,5,25800,2026-05-08
Nissan,JUKE 1.6 Hybrid NConnecta,2023,124000,143,Híbrido,Manual,ECO,Usado,17950.0,Madrid,https://www.coches.net/nissan-juke-16-hybrid-105kw-145cv-nconnecta-5p-electrico-hibrido-2023-en-madrid-70402244-covo.aspx,3,41333,2026-05-08
Bmw,X1 xDrive25e,2021,108000,220,Híbrido Enchufable,Manual,0_EMISIONES,Usado,19950.0,Madrid,https://www.coches.net/bmw-x1-xdrive25e-5p-electrico-hibrido-2022-en-madrid-70402245-covo.aspx,5,21600,2026-05-08
Toyota,Corolla 1.8 125H BUSINESS ECVT TOU SPORT,2021,14000,122,Híbrido,Automática,ECO,Usado,24350.0,Madrid,https://www.coches.net/toyota-corolla-18-125h-business-ecvt-tou-sport-5p-electrico-hibrido-2022-en-madrid-70402246-covo.aspx,5,2800,2026-05-08
Volkswagen,Tiguan R 2.0 TSI 320 CV DSG 4Motion,2021,119500,320,Gasolina,Automática,C,Usado,41999.0,Alicante,https://www.coches.net/volkswagen-tiguan-r-20-tsi-235-kw-320-cv-dsg-4motion-5p-gasolina-2022-en-alicante-70403231-covo.aspx,5,23900,2026-05-08
Bmw,Serie 2 216dA DCT Gran Coupe,2021,84504,116,Diésel,Automática,C,Usado,24500.0,Cuenca,https://www.coches.net/bmw-serie-2-216da-dct-gran-coupe-4p-diesel-2021-en-cuenca-70404867-covo.aspx,5,16901,2026-05-08
Mercedes-Benz,Clase A A 45 AMG 4Matic,2014,179000,360,Gasolina,Manual,C,Usado,24900.0,A Coruña,https://www.coches.net/mercedes-benz-clase-a-a-45-amg-4matic-5p-gasolina-2015-en-a-coruna-70405140-covo.aspx,12,14917,2026-05-08
Skoda,Octavia Combi 2.0 TDI DSG RS,2021,164000,200,Diésel,Automática,C,Usado,25900.0,A Coruña,https://www.coches.net/skoda-octavia-combi-20-tdi-147kw-200cv-dsg-rs-5p-diesel-2021-en-a-coruna-70405202-covo.aspx,5,32800,2026-05-08
Mercedes-Benz,Clase A A 220 d 4MATIC,2017,196000,177,Diésel,Manual,C,Usado,18900.0,A Coruña,https://www.coches.net/mercedes-benz-clase-a-a-220-d-4matic-5p-diesel-2018-en-a-coruna-70405668-covo.aspx,9,21778,2026-05-08
Renault,Mégane Bose Energy dCi,2018,197000,110,Diésel,Manual,C,Usado,9470.0,Madrid,https://www.coches.net/renault-megane-bose-energy-dci-81kw-110cv-5p-diesel-2017-en-madrid-70405830-covo.aspx,8,24625,2026-05-08
Volkswagen,Golf Mas 1.5 TSI,2025,28712,115,Gasolina,Manual,C,Usado,23990.0,Madrid,https://www.coches.net/volkswagen-golf-mas-15-tsi-85kw-115cv-5p-gasolina-2025-en-madrid-70405865-covo.aspx,1,28712,2026-05-08
Mitsubishi,Colt 100T Motion,2025,11234,90,Gasolina,Manual,C,Usado,17500.0,Jaén,https://www.coches.net/mitsubishi-colt-100t-motion-5p-gasolina-2025-en-jaen-70405917-covo.aspx,1,11234,2026-05-08
Mercedes-Benz,Clase B B 200 CDI 4M Aut. AMG Line,2014,135000,136,Diésel,Manual,B,Usado,17900.0,A Coruña,https://www.coches.net/mercedes-benz-clase-b-b-200-cdi-4m-aut-amg-line-5p-diesel-2015-en-a-coruna-70405935-covo.aspx,12,11250,2026-05-08
Volkswagen,Golf 1.0 TSI Variant,2022,79073,110,Gasolina,Manual,C,Usado,18990.0,Cádiz,https://www.coches.net/volkswagen-golf-10-tsi-81kw-110cv-variant-5p-gasolina-2022-en-cadiz-70406336-covo.aspx,4,19768,2026-05-08
Skoda,Kamiq 1.0 TSI AMBITION,2024,19546,110,Gasolina,Manual,C,Usado,18990.0,Córdoba,https://www.coches.net/skoda-kamiq-10-tsi-81kw-110cv-ambition-5p-gasolina-2023-en-cordoba-70406394-covo.aspx,2,9773,2026-05-08
Skoda,Kamiq 1.0 TSI DSG MONTE CARLO,2025,8,115,Gasolina,Automática,C,Usado,28000.0,Córdoba,https://www.coches.net/skoda-kamiq-10-tsi-85kw-115cv-dsg-monte-carlo-5p-gasolina-2026-en-cordoba-70406481-covo.aspx,1,8,2026-05-08
Bmw,X2 sDrive18i,2021,95158,136,Gasolina,Manual,C,Usado,24490.0,Madrid,https://www.coches.net/bmw-x2-sdrive18i-5p-gasolina-2021-en-madrid-70406511-covo.aspx,5,19032,2026-05-08
Renault,Mégane S.T. Equilibre Blue dCi,2022,95439,115,Diésel,Manual,C,Usado,14990.0,Madrid,https://www.coches.net/renault-megane-st-equilibre-blue-dci-85-kw-115cv-5p-diesel-2022-en-madrid-70406536-covo.aspx,4,23860,2026-05-08
Skoda,Kodiaq 1.5 TSI DSG mHEV Selection,2025,24985,150,Híbrido,Automática,ECO,Usado,35690.0,Córdoba,https://www.coches.net/skoda-kodiaq-15-tsi-110kw-dsg-mhev-selection-5p-electrico-hibrido-2026-en-cordoba-70406564-covo.aspx,1,24985,2026-05-08
Volkswagen,Touran Advance 1.6 TDI DSG,2017,210000,115,Diésel,Automática,C,Usado,13900.0,A Coruña,https://www.coches.net/volkswagen-touran-advance-16-tdi-85kw-115cv-dsg-5p-diesel-2018-en-a-coruna-70406660-covo.aspx,9,23333,2026-05-08
Mini,COOPER E,2025,40,184,Eléctrico,Automática,Sin etiqueta,Usado,27750.0,Sta. C. Tenerife,https://www.coches.net/mini-cooper-e-3p-electrico-hibrido-2025-en-sta-c-tenerife-70406695-covo.aspx,1,40,2026-05-08
Citroen,C4 Spacetourer BlueHDi EAT8 Origins,2020,171000,130,Diésel,Manual,C,Usado,10900.0,A Coruña,https://www.coches.net/citroen-c4-spacetourer-bluehdi-96kw-130cv-eat8-origins-5p-diesel-2019-en-a-coruna-70407197-covo.aspx,6,28500,2026-05-08
Land Rover,Range Rover Velar 2.0 P250 SE 4WD Auto,2020,89371,250,Gasolina,Manual,C,Usado,32990.0,Valencia,https://www.coches.net/land-rover-range-rover-velar-20-p250-184kw-250cv-se-4wd-auto-5p-gasolina-2020-en-valencia-70407330-covo.aspx,6,14895,2026-05-08
Hyundai,Bayon 1.0 TGDI 48V Maxx,2021,63303,100,Híbrido,Manual,ECO,Usado,15850.0,Las Palmas,https://www.coches.net/hyundai-bayon-10-tgdi-74kw-100cv-48v-maxx-5p-electrico-hibrido-2021-en-las-palmas-70407332-covo.aspx,5,12661,2026-05-08
Mg,ZS 1.5 Luxury,2022,74325,106,Gasolina,Manual,C,Usado,14490.0,Madrid,https://www.coches.net/mg-zs-15-luxury-5p-gasolina-2022-en-madrid-70407461-covo.aspx,4,18581,2026-05-08
Peugeot,5008 GTLine BlueHDi SS EAT8,2020,82676,130,Diésel,Manual,C,Usado,20990.0,Madrid,https://www.coches.net/peugeot-5008-gtline-bluehdi-96kw-130cv-ss-eat8-5p-diesel-2020-en-madrid-70407476-covo.aspx,6,13779,2026-05-08
Jeep,Renegade 4xe 1.3 PHEV 140kW190CV Limited AT,2023,117756,190,Híbrido Enchufable,Manual,0_EMISIONES,Usado,15990.0,Castellón,https://www.coches.net/jeep-renegade-4xe-13-phev-140-kw190cv-limited-at-5p-electrico-hibrido-2023-en-castellon-70407621-covo.aspx,3,39252,2026-05-08
Bmw,Serie 1 116d,2022,42354,116,Diésel,Manual,C,Usado,20490.0,Madrid,https://www.coches.net/bmw-serie-1-116d-5p-diesel-2023-en-madrid-70407821-covo.aspx,4,10588,2026-05-08
Mercedes-Benz,Clase C C Coupe 250 d,2018,124741,204,Diésel,Manual,C,Usado,28700.0,Alicante,https://www.coches.net/mercedes-benz-clase-c-c-coupe-250-d-2p-diesel-2018-en-alicante-70407841-covo.aspx,8,15593,2026-05-08
Ford,Ranger 2.0 Ecoblue 4x4 Doble Cabina XL,2025,29898,170,Diésel,Manual,C,Usado,41490.0,Madrid,https://www.coches.net/ford-ranger-20-ecoblue-125kw-4x4-doble-cabina-xl-4p-diesel-2025-en-madrid-70408002-covo.aspx,1,29898,2026-05-08
Ds,DS 7 Crossback PureTech Auto. SO CHIC,2021,60127,131,Gasolina,Manual,C,Usado,20250.0,Madrid,https://www.coches.net/ds-ds-7-crossback-puretech-96kw-130cv-auto-so-chic-5p-gasolina-2021-en-madrid-70408144-covo.aspx,5,12025,2026-05-08
Ford,Focus 1.0 Ecoboost MHEV STLine Auto,2023,77115,125,Híbrido,Manual,ECO,Usado,17480.0,Madrid,https://www.coches.net/ford-focus-10-ecoboost-mhev-92kw-stline-auto-5p-electrico-hibrido-2023-en-madrid-70408153-covo.aspx,3,25705,2026-05-08
Bmw,Serie 1 118i,2023,53869,136,Gasolina,Manual,C,Usado,25490.0,Madrid,https://www.coches.net/bmw-serie-1-118i-5p-gasolina-2024-en-madrid-70408160-covo.aspx,3,17956,2026-05-08
Audi,A1 Active Kit 1.4 TDI Sportback,2018,75090,90,Diésel,Manual,C,Usado,14990.0,Madrid,https://www.coches.net/audi-a1-active-kit-14-tdi-66kw-90cv-sportback-5p-diesel-2018-en-madrid-70408161-covo.aspx,8,9386,2026-05-08
Ford,Focus 1.0 Ecoboost MHEV STLine Auto,2023,93814,125,Híbrido,Manual,ECO,Usado,16980.0,Madrid,https://www.coches.net/ford-focus-10-ecoboost-mhev-92kw-stline-auto-5p-electrico-hibrido-2022-en-madrid-70408163-covo.aspx,3,31271,2026-05-08
Ford,EcoSport 1.0T EcoBoost SS ST Line,2022,68267,125,Gasolina,Manual,C,Usado,14950.0,Madrid,https://www.coches.net/ford-ecosport-10t-ecoboost-92kw-125cv-ss-st-line-5p-gasolina-2022-en-madrid-70408180-covo.aspx,4,17067,2026-05-08
Land Rover,Discovery Sport 2.0D I4L.Flw 150 PS AWD MHEV Auto S,2020,46736,150,Híbrido,Manual,ECO,Usado,26950.0,Madrid,https://www.coches.net/land-rover-discovery-sport-20d-i4lflw-150-ps-awd-mhev-auto-s-5p-electrico-hibrido-2020-en-madrid-70408183-covo.aspx,6,7789,2026-05-08
Audi,A3 Sportback S line 35 TFSI S tronic,2023,15070,150,Híbrido,Automática,ECO,Usado,33900.0,Gipuzkoa,https://www.coches.net/audi-a3-sportback-s-line-35-tfsi-110kw-s-tronic-5p-electrico-hibrido-2024-en-guipuzcoa-70408624-covo.aspx,3,5023,2026-05-08
Kia,Ceed 1.4 TGDi Drive,2020,68000,140,Gasolina,Manual,C,Usado,14990.0,Alicante,https://www.coches.net/kia-ceed-14-tgdi-103kw-140cv-drive-5p-gasolina-2020-en-alicante-70408815-covo.aspx,6,11333,2026-05-08
Mercedes-Benz,Clase GLC GLC 220 d 4MATIC,2018,163000,170,Diésel,Manual,C,Usado,24990.0,Valencia,https://www.coches.net/mercedes-benz-clase-glc-glc-220-d-4matic-5p-diesel-2019-en-valencia-70408958-covo.aspx,8,20375,2026-05-08
Mercedes-Benz,Clase GLA GLA 220 CDI 4Matic AMG Line,2014,265000,170,Diésel,Manual,B,Usado,14990.0,Alicante,https://www.coches.net/mercedes-benz-clase-gla-gla-220-cdi-4matic-amg-line-5p-diesel-2015-en-alicante-70409099-covo.aspx,12,22083,2026-05-08
Audi,A1 Sportback 25 TFSI,2022,49000,95,Gasolina,Manual,C,Usado,17990.0,Sta. C. Tenerife,https://www.coches.net/audi-a1-sportback-25-tfsi-70kw-95cv-5p-gasolina-2022-en-sta-c-tenerife-70409211-covo.aspx,4,12250,2026-05-08
Peugeot,3008 Hybrid 225 eEAT8 Allure,2022,84000,225,Híbrido Enchufable,Manual,0_EMISIONES,Usado,16990.0,Las Palmas,https://www.coches.net/peugeot-3008-hybrid-225-eeat8-allure-5p-electrico-hibrido-2020-en-las-palmas-70409240-covo.aspx,4,21000,2026-05-08
Seat,Arona 1.0 TSI DSG Style XL Edition,2023,76500,110,Gasolina,Automática,C,Usado,15990.0,Las Palmas,https://www.coches.net/seat-arona-10-tsi-81kw-dsg-style-xl-edition-5p-gasolina-2023-en-las-palmas-70409242-covo.aspx,3,25500,2026-05-08
Porsche,911 Carrera 4S,2020,49000,450,Gasolina,Manual,C,Usado,133900.0,Pontevedra,https://www.coches.net/porsche-911-carrera-4s-2p-gasolina-2021-en-pontevedra-70409408-covo.aspx,6,8167,2026-05-08
Hyundai,Kona 1.6 GDI HEV Klass DCT,2021,88825,141,Híbrido,Automática,ECO,Usado,17650.0,Alicante,https://www.coches.net/hyundai-kona-16-gdi-hev-klass-dct-5p-electrico-hibrido-2020-en-alicante-70410139-covo.aspx,5,17765,2026-05-08
Volkswagen,Tiguan RLine 2.0 TDI DSG,2023,65000,150,Diésel,Automática,C,Usado,33990.0,Alicante,https://www.coches.net/volkswagen-tiguan-rline-20-tdi-110kw-150cv-dsg-5p-diesel-2023-en-alicante-70410141-covo.aspx,3,21667,2026-05-08
Bmw,Serie 2 Active Tourer 216d Business,2021,109000,116,Diésel,Manual,C,Usado,17900.0,Valladolid,https://www.coches.net/bmw-serie-2-active-tourer-216d-business-5p-diesel-2022-en-valladolid-70410794-covo.aspx,5,21800,2026-05-08
Bmw,Serie 5 520d Efficient Dynamics,2017,167380,190,Diésel,Manual,C,Usado,22900.0,Sta. C. Tenerife,https://www.coches.net/bmw-serie-5-520d-efficient-dynamics-4p-diesel-2017-en-sta-c-tenerife-70410939-covo.aspx,9,18598,2026-05-08
Mini,COOPER C,2025,26413,156,Gasolina,Manual,C,Usado,27900.0,Sta. C. Tenerife,https://www.coches.net/mini-cooper-c-5p-gasolina-2025-en-sta-c-tenerife-70410940-covo.aspx,1,26413,2026-05-08
Volvo,XC40 1.5 T3 Momentum Pro Auto,2021,33000,163,Gasolina,Manual,C,Usado,25990.0,Valencia,https://www.coches.net/volvo-xc40-15-t3-momentum-pro-auto-5p-gasolina-2022-en-valencia-70410996-covo.aspx,5,6600,2026-05-08
Audi,Q3 S line TFSI S tronic,2025,2637,150,Híbrido,Automática,ECO,Usado,51900.0,Jaén,https://www.coches.net/audi-q3-s-line-tfsi-110-kw-s-tronic-5p-electrico-hibrido-2026-en-jaen-70413504-covo.aspx,1,2637,2026-05-08
Opel,Insignia ST 1.6 CDTi ecoTEC D Business,2019,73250,110,Diésel,Manual,C,Usado,14890.0,Málaga,https://www.coches.net/opel-insignia-st-16-cdti-81kw-ecotec-d-business-5p-diesel-2018-en-malaga-70414249-covo.aspx,7,10464,2026-05-08
Mercedes-Benz,Clase S S 500,2002,109000,306,Gasolina,Manual,B,Usado,11990.0,Alicante,https://www.coches.net/mercedes-benz-clase-s-s-500-4p-gasolina-2002-en-alicante-70414516-covo.aspx,24,4542,2026-05-08
Porsche,911 GT3,2021,15607,510,Gasolina,Manual,C,Usado,215000.0,Murcia,https://www.coches.net/porsche-911-gt3-2p-gasolina-2022-en-murcia-70414518-covo.aspx,5,3121,2026-05-08
Nissan,QASHQAI DIGT NConnecta,2024,4600,140,Híbrido,Manual,ECO,Usado,24490.0,Toledo,https://www.coches.net/nissan-qashqai-digt-103kw-nconnecta-5p-electrico-hibrido-2024-en-toledo-70414662-covo.aspx,2,2300,2026-05-08
Lynk,& CO 01 1.5 PHEV 6.6kW,2023,51616,261,Híbrido Enchufable,Manual,0_EMISIONES,Usado,24900.0,Madrid,https://www.coches.net/lynk--co-01-15-phev-66kw-5p-electrico-hibrido-2022-en-madrid-70415134-covo.aspx,3,17205,2026-05-08
Hyundai,i10 1.0 Klass,2022,40006,67,Gasolina,Manual,C,Usado,12990.0,Las Palmas,https://www.coches.net/hyundai-i10-10-klass-5p-gasolina-2023-en-las-palmas-70415205-covo.aspx,4,10002,2026-05-08
Volkswagen,Polo Life 1.0 TSI,2022,63559,95,Gasolina,Manual,C,Usado,15890.0,Las Palmas,https://www.coches.net/volkswagen-polo-life-10-tsi-70kw-95cv-5p-gasolina-2022-en-las-palmas-70415378-covo.aspx,4,15890,2026-05-08
Land Rover,Range Rover 2.0 I4 PHEV 404 PS 4WD Auto Vogue,2020,71081,404,Híbrido Enchufable,Manual,0_EMISIONES,Usado,64900.0,Madrid,https://www.coches.net/land-rover-range-rover-20-i4-phev-404-ps-4wd-auto-vogue-5p-electrico-hibrido-2021-en-madrid-70415446-covo.aspx,6,11847,2026-05-08
Volvo,XC60 2.0 T6 AWD Recharge Core Auto,2025,24581,350,Híbrido Enchufable,Manual,0_EMISIONES,Usado,49900.0,Barcelona,https://www.coches.net/volvo-xc60-20-t6-awd-recharge-core-auto-5p-electrico-hibrido-2025-en-barcelona-70415462-covo.aspx,1,24581,2026-05-08
Mini,CLUBMAN COOPER D,2018,100000,150,Diésel,Manual,C,Usado,16900.0,Barcelona,https://www.coches.net/mini-clubman-cooper-d-5p-diesel-2018-en-barcelona-70415992-covo.aspx,8,12500,2026-05-08
Bmw,Serie 5 520e,2022,66837,204,Híbrido Enchufable,Manual,0_EMISIONES,Usado,32490.0,Madrid,https://www.coches.net/bmw-serie-5-520e-4p-electrico-hibrido-2022-en-madrid-70416150-covo.aspx,4,16709,2026-05-08
Maserati,Levante GT L4 HybridGasolina AWD,2022,59205,330,Híbrido,Manual,ECO,Usado,53590.0,Madrid,https://www.coches.net/maserati-levante-gt-l4-330cv-hybridgasolina-awd-5p-electrico-hibrido-2022-en-madrid-70416165-covo.aspx,4,14801,2026-05-08
Renault,Arkana Evolution TCe 103kW140CV EDC mild hybr,2024,31444,140,Híbrido,Manual,ECO,Usado,22900.0,Madrid,https://www.coches.net/renault-arkana-evolution-tce-103kw140cv-edc-mild-hybr-5p-electrico-hibrido-2024-en-madrid-70416174-covo.aspx,2,15722,2026-05-08
Kia,Sportage 1.6 TGDi PHEV Drive 4x4,2023,79083,265,Híbrido Enchufable,Manual,0_EMISIONES,Usado,27990.0,Madrid,https://www.coches.net/kia-sportage-16-tgdi-phev-198kw-265cv-drive-4x4-5p-electrico-hibrido-2023-en-madrid-70416245-covo.aspx,3,26361,2026-05-08
Audi,A5 sport 2.0 TDI S tronic Sportback,2018,58445,190,Diésel,Automática,C,Usado,28550.0,Madrid,https://www.coches.net/audi-a5-sport-20-tdi-140kw-s-tronic-sportback-5p-diesel-2018-en-madrid-70416246-covo.aspx,8,7306,2026-05-08
Audi,A4 Advanced edition 1.4 TFSI,2018,110410,150,Gasolina,Manual,C,Usado,18490.0,Madrid,https://www.coches.net/audi-a4-advanced-edition-14-tfsi-110kw-150cv-4p-gasolina-2018-en-madrid-70416253-covo.aspx,8,13801,2026-05-08
Ford,Focus 1.0 Ecoboost STLine RB,2018,140932,125,Gasolina,Manual,C,Usado,11990.0,Madrid,https://www.coches.net/ford-focus-10-ecoboost-92kw-stline-rb-5p-gasolina-2017-en-madrid-70416254-covo.aspx,8,17616,2026-05-08
Mazda,CX-5 2.0 GE 2WD Evolution,2022,88013,165,Gasolina,Manual,C,Usado,24890.0,Madrid,https://www.coches.net/mazda-cx-5-20-ge-121kw-165cv-2wd-evolution-5p-gasolina-2022-en-madrid-70416268-covo.aspx,4,22003,2026-05-08
Mazda,CX-5 2.0 G 2WD AT Zenith,2019,109254,165,Gasolina,Automática,C,Usado,22490.0,Madrid,https://www.coches.net/mazda-cx-5-20-g-121kw-165cv-2wd-at-zenith-5p-gasolina-2019-en-madrid-70416269-covo.aspx,7,15608,2026-05-08
Mercedes-Benz,CLA CLA 250 e,2022,95592,218,Híbrido Enchufable,Manual,0_EMISIONES,Usado,28590.0,Madrid,https://www.coches.net/mercedes-benz-cla-cla-250-e-4p-electrico-hibrido-2023-en-madrid-70416270-covo.aspx,4,23898,2026-05-08
Audi,A5 Sportback 2.0 TDI quattro,2014,124150,177,Diésel,Manual,B,Usado,16990.0,Madrid,https://www.coches.net/audi-a5-sportback-20-tdi-177cv-quattro-5p-diesel-2014-en-madrid-70416271-covo.aspx,12,10346,2026-05-08
Bmw,Serie 3 330e,2023,54934,292,Híbrido Enchufable,Manual,0_EMISIONES,Usado,41590.0,Madrid,https://www.coches.net/bmw-serie-3-330e-4p-electrico-hibrido-2023-en-madrid-70416276-covo.aspx,3,18311,2026-05-08
Land Rover,Range Rover Sport 3.0 SDV6 HSE,2017,133793,306,Diésel,Manual,C,Usado,27990.0,Madrid,https://www.coches.net/land-rover-range-rover-sport-30-sdv6-225kw-306cv-hse-5p-diesel-2017-en-madrid-70416301-covo.aspx,9,14866,2026-05-08
Seat,León ST 1.5 TGI SS Xcellence,2020,115918,130,,Manual,Sin etiqueta,Usado,11990.0,Madrid,https://www.coches.net/seat-leon-st-15-tgi-96kw-ss-xcellence-5p-otros-2020-en-madrid-70417506-covo.aspx,6,19320,2026-05-08
Land Rover,Defender 2.0 D240 SD4 110 Auto 4WD,2020,90000,240,Diésel,Manual,C,Usado,49990.0,Madrid,https://www.coches.net/land-rover-defender-20-d240-sd4-110-auto-4wd-5p-diesel-2020-en-madrid-70417508-covo.aspx,6,15000,2026-05-08
Volkswagen,T-Roc Style 1.5 TSI Cabrio,2021,119500,150,Gasolina,Manual,C,Usado,21990.0,Madrid,https://www.coches.net/volkswagen-t-roc-style-15-tsi-110kw-150cv-cabrio-2p-gasolina-2022-en-madrid-70417510-covo.aspx,5,23900,2026-05-08
Toyota,Corolla 1.8 125H ACTIVE TECH ECVT,2022,99900,122,Híbrido,Automática,ECO,Usado,17990.0,Madrid,https://www.coches.net/toyota-corolla-18-125h-active-tech-ecvt-5p-electrico-hibrido-2022-en-madrid-70417511-covo.aspx,4,24975,2026-05-08
Seat,Arona 1.0 TSI Style XL,2023,44758,110,Gasolina,Manual,C,Usado,16490.0,Las Palmas,https://www.coches.net/seat-arona-10-tsi-81kw-110cv-style-xl-5p-gasolina-2023-en-las-palmas-70417551-covo.aspx,3,14919,2026-05-08
Kia,Picanto 1.0 DPi Concept,2021,34365,67,Gasolina,Manual,C,Usado,12650.0,Las Palmas,https://www.coches.net/kia-picanto-10-dpi-49kw-67cv-concept-5p-gasolina-2022-en-las-palmas-70417616-covo.aspx,5,6873,2026-05-08
Renault,Clio Techno ETech Hibrido,2022,73534,140,Híbrido,Manual,ECO,Usado,15850.0,Las Palmas,https://www.coches.net/renault-clio-techno-etech-hibrido-103-kw-145cv-5p-electrico-hibrido-2022-en-las-palmas-70417653-covo.aspx,4,18384,2026-05-08
Seat,Ibiza 1.0 TSI FR XS,2025,19000,115,Gasolina,Manual,C,Usado,16990.0,Las Palmas,https://www.coches.net/seat-ibiza-10-tsi-85kw-115cv-fr-xs-5p-gasolina-2025-en-las-palmas-70417709-covo.aspx,1,19000,2026-05-08
Volvo,V60 2.0 D3 Momentum Auto,2021,111000,150,Diésel,Manual,C,Usado,22500.0,Sevilla,https://www.coches.net/volvo-v60-20-d3-momentum-auto-5p-diesel-2020-en-sevilla-70417877-covo.aspx,5,22200,2026-05-08
Volvo,XC40 2.0 D3 Momentum Pro Auto,2020,115000,150,Diésel,Manual,C,Usado,23990.0,Sevilla,https://www.coches.net/volvo-xc40-20-d3-momentum-pro-auto-5p-diesel-2021-en-sevilla-70417901-covo.aspx,6,19167,2026-05-08
Kia,Sportage 1.6 MHEV Concept 4x2,2021,35165,136,Híbrido,Manual,ECO,Usado,20490.0,Madrid,https://www.coches.net/kia-sportage-16-mhev-concept-100kw-136cv-4x2-5p-electrico-hibrido-2021-en-madrid-70417902-covo.aspx,5,7033,2026-05-08
Hyundai,i20 1.0 TGDI 48V Essence,2021,115990,100,Híbrido,Manual,ECO,Usado,10990.0,Madrid,https://www.coches.net/hyundai-i20-10-tgdi-74kw-100cv-48v-essence-5p-electrico-hibrido-2021-en-madrid-70417911-covo.aspx,5,23198,2026-05-08
Citroen,C3 PureTech FEEL,2019,144000,82,Gasolina,Manual,C,Usado,6790.0,Las Palmas,https://www.coches.net/citroen-c3-puretech-60kw-82cv-feel-5p-gasolina-2019-en-las-palmas-70418218-covo.aspx,7,20571,2026-05-08
Citroen,C3 PureTech FEEL,2019,144000,82,Gasolina,Manual,C,Usado,6790.0,Las Palmas,https://www.coches.net/citroen-c3-puretech-60kw-82cv-feel-5p-gasolina-2019-en-las-palmas-70418268-covo.aspx,7,20571,2026-05-08
Jeep,Grand Cherokee 3.0 V6 Diesel Limited E6,2017,283000,250,Diésel,Manual,C,Usado,19900.0,Valencia,https://www.coches.net/jeep-grand-cherokee-30-v6-diesel-limited-184kw-250cv-e6-5p-diesel-2018-en-valencia-70418281-covo.aspx,9,31444,2026-05-08
Hyundai,Tucson 1.6 CRDI 48V Maxx DCT 4x4,2022,85000,136,Híbrido,Automática,ECO,Usado,25900.0,Valladolid,https://www.coches.net/hyundai-tucson-16-crdi-100kw-136cv-48v-maxx-dct-4x4-5p-electrico-hibrido-2022-en-valladolid-70418312-covo.aspx,4,21250,2026-05-08
Bmw,Serie 6 630d xDrive Gran Turismo,2018,134461,265,Diésel,Manual,C,Usado,32990.0,Madrid,https://www.coches.net/bmw-serie-6-630d-xdrive-gran-turismo-5p-diesel-2019-en-madrid-70418412-covo.aspx,8,16808,2026-05-08
Audi,A4 Avant S line 40 TDI quattro S tron,2021,94295,204,Diésel,Manual,C,Usado,28990.0,Madrid,https://www.coches.net/audi-a4-avant-s-line-40-tdi-150kw-quattro-s-tron-5p-diesel-2021-en-madrid-70418454-covo.aspx,5,18859,2026-05-08
Mercedes-Benz,GLE GLE 350 d 4MATIC,2021,185376,272,Diésel,Manual,C,Usado,42990.0,Madrid,https://www.coches.net/mercedes-benz-gle-gle-350-d-4matic-5p-diesel-2020-en-madrid-70418528-covo.aspx,5,37075,2026-05-08
Seat,Alhambra 1.4 TSI DSG SS Xcellence,2022,161900,150,Gasolina,Automática,C,Usado,19990.0,Madrid,https://www.coches.net/seat-alhambra-14-tsi-110kw-dsg-ss-xcellence-5p-gasolina-2022-en-madrid-70418564-covo.aspx,4,40475,2026-05-08
Renault,Clio Business Blue dCi,2021,84950,100,Diésel,Manual,C,Usado,12990.0,Madrid,https://www.coches.net/renault-clio-business-blue-dci-74kw-100cv-5p-diesel-2021-en-madrid-70418566-covo.aspx,5,16990,2026-05-08
Seat,León SP 1.4 eHybrid DSG SS Xcellence Go L,2021,123000,204,Híbrido Enchufable,Automática,0_EMISIONES,Usado,16550.0,Madrid,https://www.coches.net/seat-leon-sp-14-ehybrid-dsg-ss-xcellence-go-l-5p-electrico-hibrido-2021-en-madrid-70418741-covo.aspx,5,24600,2026-05-08
Volkswagen,Golf eGolf ePower,2020,99000,136,Eléctrico,Automática,Sin etiqueta,Usado,12350.0,Madrid,https://www.coches.net/volkswagen-golf-egolf-epower-100-kw-136cv-5p-electrico-hibrido-2020-en-madrid-70418742-covo.aspx,6,16500,2026-05-08
Renault,Mégane Intens Blue dCi,2022,181655,115,Diésel,Manual,C,Usado,11490.0,Madrid,https://www.coches.net/renault-megane-intens-blue-dci-85-kw-115cv-5p-diesel-2021-en-madrid-70418849-covo.aspx,4,45414,2026-05-08
Mercedes-Benz,GLA GLA 200,2021,81000,163,Gasolina,Manual,C,Usado,29500.0,Valladolid,https://www.coches.net/mercedes-benz-gla-gla-200-5p-gasolina-2020-en-valladolid-70418858-covo.aspx,5,16200,2026-05-08
Renault,Captur techno TCe,2023,19000,90,Gasolina,Manual,C,Usado,21500.0,Málaga,https://www.coches.net/renault-captur-techno-tce-67kw-90cv-5p-gasolina-2022-en-malaga-70418947-covo.aspx,3,6333,2026-05-08
Jeep,Compass 1.4 Mair Longitude 4x2,2019,85000,140,Gasolina,Manual,C,Usado,14900.0,Málaga,https://www.coches.net/jeep-compass-14-mair-103kw-longitude-4x2-5p-gasolina-2019-en-malaga-70418959-covo.aspx,7,12143,2026-05-08
Audi,A5 35 TDI S tronic Sportback,2021,103946,150,Diésel,Automática,C,Usado,27890.0,Cádiz,https://www.coches.net/audi-a5-35-tdi-110kw-150cv-s-tronic-sportback-5p-diesel-2019-en-cadiz-70419020-covo.aspx,5,20789,2026-05-08
Seat,León 2.0 TDI SS Reference Go,2021,137686,115,Diésel,Manual,C,Usado,12990.0,Madrid,https://www.coches.net/seat-leon-20-tdi-85kw-ss-reference-go-5p-diesel-2021-en-madrid-70419034-covo.aspx,5,27537,2026-05-08
Dacia,Sandero Ambiance dCi,2017,189996,75,Diésel,Manual,C,Usado,7390.0,Cádiz,https://www.coches.net/dacia-sandero-ambiance-dci-55kw-75cv-5p-diesel-2016-en-cadiz-70419081-covo.aspx,9,21111,2026-05-08
Renault,Espace Zen Energy dCi 160 Twin Turbo EDC,2016,207000,160,Diésel,Manual,C,Usado,11990.0,Madrid,https://www.coches.net/renault-espace-zen-energy-dci-160-twin-turbo-edc-5p-diesel-2015-en-madrid-70419186-covo.aspx,10,20700,2026-05-08
Audi,A5 Advanced 35 TDI S tronic Sportback,2020,90000,163,Híbrido,Automática,ECO,Usado,31500.0,Alicante,https://www.coches.net/audi-a5-advanced-35-tdi-120kw-s-tronic-sportback-5p-electrico-hibrido-2021-en-alicante-70420364-covo.aspx,6,15000,2026-05-08
Opel,Frontera 1.2T XHT Hybrid eDCT6 GS,2025,19000,146,Híbrido,Automática,ECO,Usado,22900.0,Valencia,https://www.coches.net/opel-frontera-12t-xht-hybrid-edct6-107kw-gs-5p-electrico-hibrido-2024-en-valencia-70421168-covo.aspx,1,19000,2026-05-08
Volvo,XC90 2.0 T8 AWD Plus Dark Recharge Auto,2025,14982,455,Híbrido Enchufable,Manual,0_EMISIONES,Usado,68500.0,Barcelona,https://www.coches.net/volvo-xc90-20-t8-awd-plus-dark-recharge-auto-5p-electrico-hibrido-2025-en-barcelona-70421649-covo.aspx,1,14982,2026-05-08
Bmw,Serie 1 118i Auto.,2020,69840,136,Gasolina,Manual,C,Usado,20900.0,Valladolid,https://www.coches.net/bmw-serie-1-118i-auto-5p-gasolina-2021-en-valladolid-70421656-covo.aspx,6,11640,2026-05-08
Volvo,XC60 2.0 T8 AWD Inscription Auto,2018,100360,390,Híbrido Enchufable,Manual,0_EMISIONES,Usado,31900.0,Valladolid,https://www.coches.net/volvo-xc60-20-t8-awd-inscription-auto-5p-electrico-hibrido-2019-en-valladolid-70421658-covo.aspx,8,12545,2026-05-08
Mercedes-Benz,CLS CLS 300 d,2019,40948,245,Diésel,Manual,C,Usado,39900.0,Valladolid,https://www.coches.net/mercedes-benz-cls-cls-300-d-4p-diesel-2019-en-valladolid-70421663-covo.aspx,7,5850,2026-05-08
Mercedes-Benz,Clase A A 250 e,2021,16968,218,Híbrido Enchufable,Manual,0_EMISIONES,Usado,28900.0,Valladolid,https://www.coches.net/mercedes-benz-clase-a-a-250-e-5p-electrico-hibrido-2020-en-valladolid-70421664-covo.aspx,5,3394,2026-05-08
Mercedes-Benz,GLA GLA 250 e,2022,44415,218,Híbrido Enchufable,Manual,0_EMISIONES,Usado,35900.0,Valladolid,https://www.coches.net/mercedes-benz-gla-gla-250-e-5p-electrico-hibrido-2023-en-valladolid-70421667-covo.aspx,4,11104,2026-05-08
Bmw,Serie 3 330e,2020,114071,292,Híbrido Enchufable,Manual,0_EMISIONES,Usado,26900.0,Valladolid,https://www.coches.net/bmw-serie-3-330e-4p-electrico-hibrido-2021-en-valladolid-70421669-covo.aspx,6,19012,2026-05-08
Toyota,Yaris 1.5 100H Advance,2019,79132,100,Híbrido,Manual,ECO,Usado,15600.0,Valladolid,https://www.coches.net/toyota-yaris-15-100h-advance-5p-electrico-hibrido-2019-en-valladolid-70421676-covo.aspx,7,11305,2026-05-08
Hyundai,Staria 2.2 CRDI Tecno 9S,2023,94977,177,Diésel,Manual,C,Usado,34900.0,Valladolid,https://www.coches.net/hyundai-staria-22-crdi-tecno-9s-5p-diesel-2023-en-valladolid-70421678-covo.aspx,3,31659,2026-05-08
Audi,Q2 35 TFSI S tronic,2020,119504,150,Gasolina,Automática,C,Usado,22900.0,Valladolid,https://www.coches.net/audi-q2-35-tfsi-110kw-150cv-s-tronic-5p-gasolina-2021-en-valladolid-70421679-covo.aspx,6,19917,2026-05-08
Volkswagen,Golf 2.0 TDI,2022,98000,115,Diésel,Manual,C,Usado,19990.0,Sevilla,https://www.coches.net/volkswagen-golf-20-tdi-85kw-115cv-5p-diesel-2023-en-sevilla-70421913-covo.aspx,4,24500,2026-05-08
Mercedes-Benz,Clase S S 500 4MATIC Coupe,2015,98000,455,Gasolina,Manual,C,Usado,49990.0,Alicante,https://www.coches.net/mercedes-benz-clase-s-s-500-4matic-coupe-2p-gasolina-2016-en-alicante-70421930-covo.aspx,11,8909,2026-05-08
Bmw,X3 xDrive30d xLine,2021,167000,286,Híbrido,Manual,ECO,Usado,35990.0,Alicante,https://www.coches.net/bmw-x3-xdrive30d-xline-5p-electrico-hibrido-2022-en-alicante-70422027-covo.aspx,5,33400,2026-05-08
Mini,CLUBMAN Cooper D,2021,91500,150,Diésel,Manual,C,Usado,24900.0,Madrid,https://www.coches.net/mini-clubman-cooper-d-5p-diesel-2021-en-madrid-70422360-covo.aspx,5,18300,2026-05-08
Renault,Trafic Equilibre Largo Ene Blue dCi,2024,32636,150,Diésel,Manual,C,Usado,35300.0,Valladolid,https://www.coches.net/renault-trafic-equilibre-largo-ene-blue-dci-110kw-5p-diesel-2023-en-valladolid-70422462-covo.aspx,2,16318,2026-05-08
Suzuki,Vitara 1.5 GLX Strong Hybrid Auto,2022,15000,116,Híbrido,Manual,ECO,Usado,27000.0,A Coruña,https://www.coches.net/suzuki-vitara-15-glx-strong-hybrid-auto-5p-electrico-hibrido-2022-en-a-coruna-70422503-covo.aspx,4,3750,2026-05-08
Seat,Ibiza 1.0 TSI Style,2022,139124,110,Gasolina,Manual,C,Usado,11050.0,Castellón,https://www.coches.net/seat-ibiza-10-tsi-81kw-110cv-style-5p-gasolina-2023-en-castellon-70422579-covo.aspx,4,34781,2026-05-08
Mercedes-Benz,CLA CLA 250 e,2022,66000,218,Híbrido Enchufable,Manual,0_EMISIONES,Usado,31990.0,Las Palmas,https://www.coches.net/mercedes-benz-cla-cla-250-e-4p-electrico-hibrido-2021-en-las-palmas-70422972-covo.aspx,4,16500,2026-05-08
Toyota,Yaris Cross 1.5 120H Adventure,2023,72000,116,Híbrido,Manual,ECO,Usado,23990.0,Las Palmas,https://www.coches.net/toyota-yaris-cross-15-120h-adventure-5p-electrico-hibrido-2023-en-las-palmas-70422974-covo.aspx,3,24000,2026-05-08
Toyota,Yaris Cross 1.5 120H Adventure,2023,72000,116,Híbrido,Manual,ECO,Usado,23990.0,Sta. C. Tenerife,https://www.coches.net/toyota-yaris-cross-15-120h-adventure-5p-electrico-hibrido-2023-en-sta-c-tenerife-70423015-covo.aspx,3,24000,2026-05-08
Seat,León 1.5 TSI SS Style,2020,109000,130,Gasolina,Manual,C,Usado,16990.0,Sta. C. Tenerife,https://www.coches.net/seat-leon-15-tsi-96kw-ss-style-5p-gasolina-2021-en-sta-c-tenerife-70423106-covo.aspx,6,18167,2026-05-08
Fiat,500 Sport 1.0 Hybrid 70 CV,2021,55000,70,Híbrido,Manual,ECO,Usado,11990.0,Sta. C. Tenerife,https://www.coches.net/fiat-500-sport-10-hybrid-51kw-70-cv-3p-electrico-hibrido-2021-en-sta-c-tenerife-70423119-covo.aspx,5,11000,2026-05-08
Mercedes-Benz,Clase A A 250 e con tecnologia hibrida EQ,2025,20000,218,Híbrido Enchufable,Manual,0_EMISIONES,Usado,33990.0,Sta. C. Tenerife,https://www.coches.net/mercedes-benz-clase-a-a-250-e-con-tecnologia-hibrida-eq-5p-electrico-hibrido-2025-en-sta-c-tenerife-70423171-covo.aspx,1,20000,2026-05-08
Ford,Kuga Titanium 2.5 Duratec FHEV Auto,2023,32376,190,Híbrido,Manual,ECO,Usado,23200.0,Barcelona,https://www.coches.net/ford-kuga-titanium-25-duratec-fhev-140kw-auto-5p-electrico-hibrido-2023-en-barcelona-70423187-covo.aspx,3,10792,2026-05-08
Seat,Arona 1.0 TSI DSG Style,2022,74000,110,Gasolina,Automática,C,Usado,16790.0,Sta. C. Tenerife,https://www.coches.net/seat-arona-10-tsi-81kw-110cv-dsg-style-5p-gasolina-2023-en-sta-c-tenerife-70423302-covo.aspx,4,18500,2026-05-08
Volkswagen,Golf 1.0 TSI,2022,104000,110,Gasolina,Manual,C,Usado,16990.0,Sta. C. Tenerife,https://www.coches.net/volkswagen-golf-10-tsi-81kw-110cv-5p-gasolina-2023-en-sta-c-tenerife-70423357-covo.aspx,4,26000,2026-05-08
Ds,DS 3 Crossback PureTech Performance Line,2020,37031,130,Gasolina,Manual,C,Usado,15990.0,Madrid,https://www.coches.net/ds-ds-3-crossback-puretech-96kw-130cv-performance-line-5p-gasolina-2019-en-madrid-70423666-covo.aspx,6,6172,2026-05-08
Mercedes-Benz,Clase A A 200 d,2017,191274,136,Diésel,Manual,C,Usado,14990.0,Madrid,https://www.coches.net/mercedes-benz-clase-a-a-200-d-5p-diesel-2018-en-madrid-70423844-covo.aspx,9,21253,2026-05-08
Lexus,UX 2.0 250h Premium,2022,53078,184,Híbrido,Manual,ECO,Usado,28990.0,Madrid,https://www.coches.net/lexus-ux-20-250h-premium-5p-electrico-hibrido-2022-en-madrid-70424065-covo.aspx,4,13270,2026-05-08
Lexus,UX 2.0 250h Business,2022,38705,184,Híbrido,Manual,ECO,Usado,28990.0,Madrid,https://www.coches.net/lexus-ux-20-250h-business-5p-electrico-hibrido-2023-en-madrid-70424068-covo.aspx,4,9676,2026-05-08
Mercedes-Benz,Clase B B 180 d,2019,107264,116,Diésel,Manual,C,Usado,18490.0,Madrid,https://www.coches.net/mercedes-benz-clase-b-b-180-d-5p-diesel-2019-en-madrid-70424519-covo.aspx,7,15323,2026-05-08
Toyota,Corolla 1.8 125H ACTIVE TECH ECVT,2020,10138,122,Híbrido,Automática,ECO,Usado,20490.0,Madrid,https://www.coches.net/toyota-corolla-18-125h-active-tech-ecvt-5p-electrico-hibrido-2020-en-madrid-70424593-covo.aspx,6,1690,2026-05-08
Opel,Mokka 1.6 CDTi 4X2 Selective Auto,2015,176000,136,Diésel,Manual,C,Usado,9999.0,Alicante,https://www.coches.net/opel-mokka-16-cdti-4x2-selective-auto-5p-diesel-2015-en-alicante-70425597-covo.aspx,11,16000,2026-05-08
Porsche,Cayenne Coupé EHybrid,2024,28000,470,Híbrido Enchufable,Manual,0_EMISIONES,Usado,99990.0,Alicante,https://www.coches.net/porsche-cayenne-coupe-ehybrid-5p-electrico-hibrido-2025-en-alicante-70425605-covo.aspx,2,14000,2026-05-08
Mini,COUNTRYMAN Cooper,2019,115000,136,Gasolina,Manual,C,Usado,18990.0,Madrid,https://www.coches.net/mini-countryman-cooper-5p-gasolina-2019-en-madrid-70425874-covo.aspx,7,16429,2026-05-08
Seat,ALTEA 1.6 SELECT,2005,193000,102,Gasolina,Manual,B,Usado,4490.0,Alicante,https://www.coches.net/seat-altea-16-select-5p-gasolina-2006-en-alicante-70426110-covo.aspx,21,9190,2026-05-08
Mercedes-Benz,Clase C C 220 d Coupe,2023,25000,194,Diésel,Manual,C,Usado,43990.0,Alicante,https://www.coches.net/mercedes-benz-clase-c-c-220-d-coupe-2p-diesel-2022-en-alicante-70426117-covo.aspx,3,8333,2026-05-08
Mercedes-Benz,GLC GLC 220 d 4MATIC,2025,27000,197,Híbrido,Manual,ECO,Usado,54990.0,Alicante,https://www.coches.net/mercedes-benz-glc-glc-220-d-4matic-5p-electrico-hibrido-2025-en-alicante-70426118-covo.aspx,1,27000,2026-05-08
Mini,MINI Cooper D Cabrio,2013,121000,112,Diésel,Manual,B,Usado,11990.0,Alicante,https://www.coches.net/mini-mini-cooper-d-cabrio-2p-diesel-2012-en-alicante-70426120-covo.aspx,13,9308,2026-05-08
Mercedes-Benz,Clase E Coupe E 350,2018,193000,299,Híbrido,Manual,ECO,Usado,31990.0,Alicante,https://www.coches.net/mercedes-benz-clase-e-coupe-e-350-2p-electrico-hibrido-2019-en-alicante-70426194-covo.aspx,8,24125,2026-05-08
Kia,Sportage 1.6 TGDi MHEV Drive 4x2,2022,52952,150,Híbrido,Manual,ECO,Usado,22790.0,Sevilla,https://www.coches.net/kia-sportage-16-tgdi-mhev-110kw-150cv-drive-4x2-5p-electrico-hibrido-2022-en-sevilla-70426223-covo.aspx,4,13238,2026-05-08
Mg,MG3 1.5 Standard,2025,8972,116,Gasolina,Manual,C,Usado,15290.0,Sevilla,https://www.coches.net/mg-mg3-15-standard-5p-gasolina-2024-en-sevilla-70426225-covo.aspx,1,8972,2026-05-08
Bmw,Serie 7 740i,2012,123000,326,Gasolina,Manual,C,Usado,17900.0,Alicante,https://www.coches.net/bmw-serie-7-740i-4p-gasolina-2012-en-alicante-70426248-covo.aspx,14,8786,2026-05-08
Seat,León 1.6 Sport,2006,178000,102,Gasolina,Manual,C,Usado,5499.0,Alicante,https://www.coches.net/seat-leon-16-102cv-sport-5p-gasolina-2006-en-alicante-70426252-covo.aspx,20,8900,2026-05-08
Volkswagen,T-Roc Edition 1.6 TDI,2019,97800,115,Diésel,Manual,C,Usado,16990.0,Madrid,https://www.coches.net/volkswagen-t-roc-edition-16-tdi-85kw-115cv-5p-diesel-2019-en-madrid-70426294-covo.aspx,7,13971,2026-05-08
Renault,Captur zen fast track TCe GPF,2022,58914,140,Híbrido,Manual,ECO,Usado,16990.0,Sta. C. Tenerife,https://www.coches.net/renault-captur-zen-fast-track-tce-103-kw-140cv-gpf-5p-electrico-hibrido-2022-en-sta-c-tenerife-70426333-covo.aspx,4,14728,2026-05-08
Mini,MINI ONE CABRIO,2019,79846,102,Gasolina,Manual,C,Usado,13990.0,Sta. C. Tenerife,https://www.coches.net/mini-mini-one-cabrio-2p-gasolina-2019-en-sta-c-tenerife-70426340-covo.aspx,7,11407,2026-05-08
Omoda,5 1.6 TGDI DCT,2023,57457,197,Gasolina,Automática,C,Usado,22490.0,Sta. C. Tenerife,https://www.coches.net/omoda-5-16-tgdi-145kw-197cv-dct-5p-gasolina-2023-en-sta-c-tenerife-70426343-covo.aspx,3,19152,2026-05-08
Peugeot,3008 1.2 PureTech SS Allure,2022,19103,130,Gasolina,Manual,C,Usado,19990.0,Sta. C. Tenerife,https://www.coches.net/peugeot-3008-12-puretech-96kw-130cv-ss-allure-5p-gasolina-2021-en-sta-c-tenerife-70426345-covo.aspx,4,4776,2026-05-08
Renault,Clio Evolution TCe,2024,33664,90,Gasolina,Manual,C,Usado,15990.0,Sta. C. Tenerife,https://www.coches.net/renault-clio-evolution-tce-67-kw-91cv-5p-gasolina-2022-en-sta-c-tenerife-70426349-covo.aspx,2,16832,2026-05-08
Volvo,XC60 2.0 T6 AWD Recharge Inscription Auto,2021,118800,340,Híbrido Enchufable,Manual,0_EMISIONES,Usado,27990.0,Sta. C. Tenerife,https://www.coches.net/volvo-xc60-20-t6-awd-recharge-inscription-auto-5p-electrico-hibrido-2021-en-sta-c-tenerife-70426353-covo.aspx,5,23760,2026-05-08
Renault,Clio Evolution TCe,2024,33664,90,Gasolina,Manual,C,Usado,15990.0,Sta. C. Tenerife,https://www.coches.net/renault-clio-evolution-tce-67-kw-91cv-5p-gasolina-2022-en-sta-c-tenerife-70426354-covo.aspx,2,16832,2026-05-08
Renault,Symbioz Techno ETech full hybr,2025,24000,145,Híbrido,Manual,ECO,Usado,23990.0,Sta. C. Tenerife,https://www.coches.net/renault-symbioz-techno-etech-full-hybr-105kw-145cv-5p-electrico-hibrido-2024-en-sta-c-tenerife-70426356-covo.aspx,1,24000,2026-05-08
Citroen,Berlingo Talla M BlueHDi 130 SS SHINE,2023,24543,130,Diésel,Manual,C,Usado,20990.0,Las Palmas,https://www.coches.net/citroen-berlingo-talla-m-bluehdi-130-ss-shine-5p-diesel-2023-en-las-palmas-70426367-covo.aspx,3,8181,2026-05-08
Jaguar,E-Pace 2.0D 163PS MHEV RDynamic 4WD Auto,2022,23000,163,Híbrido,Manual,ECO,Usado,27990.0,Alicante,https://www.coches.net/jaguar-e-pace-20d-163ps-mhev-rdynamic-4wd-auto-5p-electrico-hibrido-2023-en-alicante-70426810-covo.aspx,4,5750,2026-05-08
Renault,Clio Limited dCi 18,2019,95375,90,Diésel,Manual,C,Usado,11850.0,Murcia,https://www.coches.net/renault-clio-limited-dci-66kw-90cv-18-5p-diesel-2018-en-murcia-70426820-covo.aspx,7,13625,2026-05-08
Renault,Clio Business TCe GLP,2021,87500,100,Glp,Manual,Sin etiqueta,Usado,10990.0,Madrid,https://www.coches.net/renault-clio-business-tce-74-kw-100cv-glp-5p-otros-2021-en-madrid-70426829-covo.aspx,5,17500,2026-05-08
Mercedes-Benz,Clase A A 180,2019,88000,136,Gasolina,Manual,C,Usado,23990.0,Alicante,https://www.coches.net/mercedes-benz-clase-a-a-180-5p-gasolina-2018-en-alicante-70426847-covo.aspx,7,12571,2026-05-08
Mercedes-Benz,CLE CLE 220 d Coupe,2025,14000,197,Híbrido,Manual,ECO,Usado,53490.0,Alicante,https://www.coches.net/mercedes-benz-cle-cle-220-d-coupe-2p-electrico-hibrido-2025-en-alicante-70426850-covo.aspx,1,14000,2026-05-08
Volkswagen,Tiguan Advance 2.0 TDI DSG,2021,136365,150,Diésel,Automática,C,Usado,23990.0,Madrid,https://www.coches.net/volkswagen-tiguan-advance-20-tdi-110kw-150cv-dsg-5p-diesel-2020-en-madrid-70426901-covo.aspx,5,27273,2026-05-08
Renault,Clio Intens Blue dCi,2021,108300,85,Diésel,Manual,C,Usado,11990.0,Madrid,https://www.coches.net/renault-clio-intens-blue-dci-63-kw-85cv-5p-diesel-2019-en-madrid-70426928-covo.aspx,5,21660,2026-05-08
Kia,Sportage 1.6 TGDi MHEV Business 4x2 DCT,2025,9581,160,Híbrido,Automática,ECO,Usado,29569.0,Málaga,https://www.coches.net/kia-sportage-16-tgdi-mhev-118kw-business-4x2-dct-5p-electrico-hibrido-2025-en-malaga-70426942-covo.aspx,1,9581,2026-05-08
Seat,León ST 1.6 TDI StSp Style Ed,2019,131493,115,Diésel,Manual,C,Usado,12790.0,Madrid,https://www.coches.net/seat-leon-st-16-tdi-85kw-115cv-stsp-style-ed-5p-diesel-2020-en-madrid-70427002-covo.aspx,7,18785,2026-05-08
Audi,Q2 Advanced 35 TDI quattro S tronic,2021,135593,150,Diésel,Automática,C,Usado,21500.0,Asturias,https://www.coches.net/audi-q2-advanced-35-tdi-110kw-quattro-s-tronic-5p-diesel-2022-en-asturias-70427039-covo.aspx,5,27119,2026-05-08
Renault,Mégane Business Blue dCi,2019,149120,115,Diésel,Manual,C,Usado,10590.0,Madrid,https://www.coches.net/renault-megane-business-blue-dci-81-kw-115cv-5p-diesel-2018-en-madrid-70427046-covo.aspx,7,21303,2026-05-08
Mercedes-Benz,CLA CLA 220 D DCT,2020,141905,190,Diésel,Automática,C,Usado,27990.0,Madrid,https://www.coches.net/mercedes-benz-cla-cla-220-d-dct-4p-diesel-2020-en-madrid-70427067-covo.aspx,6,23651,2026-05-08
Peugeot,3008 1.5 BlueHDi SS Allure,2021,73000,130,Diésel,Manual,C,Usado,15500.0,Madrid,https://www.coches.net/peugeot-3008-15-bluehdi-96kw-130cv-ss-allure-5p-diesel-2020-en-madrid-70427154-covo.aspx,5,14600,2026-05-08
Audi,A5 Advanced 40 TFSI S tron Sportback,2020,136129,190,Gasolina,Manual,C,Usado,25990.0,Asturias,https://www.coches.net/audi-a5-advanced-40-tfsi-140kw-s-tron-sportback-5p-gasolina-2021-en-asturias-70427155-covo.aspx,6,22688,2026-05-08
Mercedes-Benz,GLE Coupé GLE 400 d 4MATIC,2021,136000,330,Diésel,Manual,C,Usado,63990.0,Alicante,https://www.coches.net/mercedes-benz-gle-coupe-gle-400-d-4matic-5p-diesel-2022-en-alicante-70427197-covo.aspx,5,27200,2026-05-08
Audi,Q3 Sportback Black line 35 TDI S tronic,2020,167457,150,Diésel,Automática,C,Usado,27500.0,Asturias,https://www.coches.net/audi-q3-sportback-black-line-35-tdi-110kw-150cv-s-tronic-5p-diesel-2021-en-asturias-70427220-covo.aspx,6,27910,2026-05-08
Audi,Q2 Design 30 TFSI,2019,110000,116,Gasolina,Manual,C,Usado,20500.0,Granada,https://www.coches.net/audi-q2-design-30-tfsi-85kw-116cv-5p-gasolina-2020-en-granada-70427320-covo.aspx,7,15714,2026-05-08
Bmw,X3 sDrive18d,2021,121000,150,Híbrido,Manual,ECO,Usado,25790.0,Alicante,https://www.coches.net/bmw-x3-sdrive18d-5p-electrico-hibrido-2021-en-alicante-70427330-covo.aspx,5,24200,2026-05-08
Mercedes-Benz,Clase C Cabrio C 300 d,2021,32000,245,Diésel,Manual,C,Usado,40990.0,Alicante,https://www.coches.net/mercedes-benz-clase-c-cabrio-c-300-d-2p-diesel-2020-en-alicante-70427333-covo.aspx,5,6400,2026-05-08
Citroen,C3 PureTech SS Shine EAT6,2022,19072,110,Gasolina,Manual,C,Usado,13990.0,Madrid,https://www.coches.net/citroen-c3-puretech-81kw-110cv-ss-shine-eat6-5p-gasolina-2022-en-madrid-70427463-covo.aspx,4,4768,2026-05-08
Opel,Corsa 1.2T XHL Elegance,2021,82861,100,Gasolina,Manual,C,Usado,8490.0,Madrid,https://www.coches.net/opel-corsa-12t-xhl-74kw-100cv-elegance-5p-gasolina-2022-en-madrid-70427527-covo.aspx,5,16572,2026-05-08
